cod_IBGE;cidade;UF;latitude;longitude;venda_predita
310010;ABADIA DOS DOURADOS;MG;-18,4831;-47,3916;5603,01
310020;ABAETÉ;MG;-19,1551;-45,4444;5083,71
310030;ABRE CAMPO;MG;-20,2996;-42,4743;17719,78
310040;ACAIACA;MG;-20,359;-43,1439;49978,98
310050;AÇUCENA;MG;-19,0671;-42,5419;26793,71
310060;ÁGUA BOA;MG;-17,9914;-42,3806;1178,51
310070;ÁGUA COMPRIDA;MG;-20,0576;-48,1069;2264,49
310080;AGUANIL;MG;-20,9439;-45,3915;6325,34
310090;ÁGUAS FORMOSAS;MG;-17,0802;-40,9384;9224,2
310100;ÁGUAS VERMELHAS;MG;-15,7431;-41,4571;2278,64
310110;AIMORÉS;MG;-19,5007;-41,0746;20467,03
310120;AIURUOCA;MG;-21,9736;-44,6042;70975,72
310130;ALAGOA;MG;-22,171;-44,6413;4056,36
310140;ALBERTINA;MG;-22,2018;-46,6139;5752,06
310150;ALÉM PARAÍBA;MG;-21,8797;-42,7176;8866,83
310160;ALFENAS;MG;-21,4256;-45,9477;5467,66
310163;ALFREDO VASCONCELOS;MG;-21,1535;-43,7718;2844,96
310170;ALMENARA;MG;-16,1785;-40,6942;12811,51
310180;ALPERCATA;MG;-18,974;-41,97;2352,84
310190;ALPINÓPOLIS;MG;-20,8631;-46,3878;2988,4
310200;ALTEROSA;MG;-21,2488;-46,1387;5045,44
310205;ALTO CAPARAÓ;MG;-20,431;-41,8738;5934,65
310210;ALTO RIO DOCE;MG;-21,0281;-43,4067;24187,63
310220;ALVARENGA;MG;-19,4174;-41,7317;50220,03
310230;ALVINÓPOLIS;MG;-20,1098;-43,0535;39482,55
310240;ALVORADA DE MINAS;MG;-18,7334;-43,3638;4657,55
310250;AMPARO DO SERRA;MG;-20,5051;-42,8009;33720,44
310260;ANDRADAS;MG;-22,0695;-46,5724;6075,09
310270;CACHOEIRA DE PAJEÚ;MG;-15,9688;-41,4948;9913,85
310280;ANDRELÂNDIA;MG;-21,7411;-44,3117;11598,45
310285;ANGELÂNDIA;MG;-17,7279;-42,2641;1802,28
310290;ANTÔNIO CARLOS;MG;-21,321;-43,7451;3096,37
310300;ANTÔNIO DIAS;MG;-19,6491;-42,8732;2114,97
310310;ANTÔNIO PRADO DE MINAS;MG;-21,0192;-42,1109;104072,05
310320;ARAÇAÍ;MG;-19,1955;-44,2493;2537,37
310330;ARACITABA;MG;-21,3446;-43,3736;84323,43
310340;ARAÇUAÍ;MG;-16,8523;-42,0637;23764,85
310350;ARAGUARI;MG;-18,6456;-48,1934;4362,37
310360;ARANTINA;MG;-21,9102;-44,2555;122580,43
310370;ARAPONGA;MG;-20,6686;-42,5178;1311,13
310375;ARAPORÃ;MG;-18,4357;-49,1847;5453,71
310380;ARAPUÁ;MG;-19,0268;-46,1484;114195,05
310390;ARAÚJOS;MG;-19,9405;-45,1671;752,28
310400;ARAXÁ;MG;-19,5902;-46,9438;6219,7
310410;ARCEBURGO;MG;-21,359;-46,9401;1683,63
310420;ARCOS;MG;-20,2863;-45,5373;6175,9
310430;AREADO;MG;-21,3572;-46,1421;4468,12
310440;ARGIRITA;MG;-21,6083;-42,8292;87527,77
310445;ARICANDUVA;MG;-17,8666;-42,5533;7793,23
310450;ARINOS;MG;-15,9187;-46,1043;21879,21
310460;ASTOLFO DUTRA;MG;-21,3184;-42,8572;754,14
310470;ATALÉIA;MG;-18,0438;-41,1149;13375,54
310480;AUGUSTO DE LIMA;MG;-18,0997;-44,2655;5404,1
310490;BAEPENDI;MG;-21,957;-44,8874;4591,01
310500;BALDIM;MG;-19,2832;-43,9613;64289,56
310510;BAMBUÍ;MG;-20,0166;-45,9754;109141,31
310520;BANDEIRA;MG;-15,8783;-40,5622;23444,49
310530;BANDEIRA DO SUL;MG;-21,7308;-46,3833;6546,73
310540;BARÃO DE COCAIS;MG;-19,9389;-43,4755;5193,54
310550;BARÃO DE MONTE ALTO;MG;-21,2444;-42,2372;67872,09
310560;BARBACENA;MG;-21,2214;-43,7703;13196,85
310570;BARRA LONGA;MG;-20,2869;-43,0402;49783,5
310590;BARROSO;MG;-21,1907;-43,972;4413,8
310600;BELA VISTA DE MINAS;MG;-19,8302;-43,0922;5379,61
310610;BELMIRO BRAGA;MG;-21,944;-43,4084;66185,02
310620;BELO HORIZONTE;MG;-19,9102;-43,9266;20367,22
310630;BELO ORIENTE;MG;-19,2199;-42,4828;2246,86
310640;BELO VALE;MG;-20,4077;-44,0275;27500,92
310650;BERILO;MG;-16,9567;-42,4606;21474,94
310660;BERTÓPOLIS;MG;-17,059;-40,58;3458,91
310665;BERIZAL;MG;-15,61;-41,7432;1851,72
310670;BETIM;MG;-19,9668;-44,2008;3660,15
310680;BIAS FORTES;MG;-21,602;-43,7574;52612,47
310690;BICAS;MG;-21,7232;-43,056;230620,03
310700;BIQUINHAS;MG;-18,7754;-45,4974;59679,21
310710;BOA ESPERANÇA;MG;-21,0927;-45,5612;4059,95
310720;BOCAINA DE MINAS;MG;-22,1697;-44,3972;6933,95
310730;BOCAIÚVA;MG;-17,1135;-43,8104;8768,7
310740;BOM DESPACHO;MG;-19,7386;-45,2622;4170,31
310750;BOM JARDIM DE MINAS;MG;-21,9479;-44,1885;67338,56
310760;BOM JESUS DA PENHA;MG;-21,0148;-46,5174;3754,17
310770;BOM JESUS DO AMPARO;MG;-19,7054;-43,4782;4897,26
310780;BOM JESUS DO GALHO;MG;-19,836;-42,3165;14813,2
310790;BOM REPOUSO;MG;-22,4675;-46,144;11617,31
310820;BONFINÓPOLIS DE MINAS;MG;-16,568;-45,9839;4051,33
310825;BONITO DE MINAS;MG;-15,3231;-44,7543;3870,14
310830;BORDA DA MATA;MG;-22,2707;-46,1653;82586,35
310840;BOTELHOS;MG;-21,6412;-46,391;4156,97
310850;BOTUMIRIM;MG;-16,8657;-43,0086;7325,4
310855;BRASILÂNDIA DE MINAS;MG;-16,9999;-46,0081;2230,4
310860;BRASÍLIA DE MINAS;MG;-16,2104;-44,4299;1341,89
310870;BRÁS PIRES;MG;-20,8419;-43,2406;68159,65
310880;BRAÚNAS;MG;-19,0562;-42,7099;25675,57
310900;BRUMADINHO;MG;-20,151;-44,2007;12989,23
310910;BUENO BRANDÃO;MG;-22,4383;-46,3491;5375,97
310920;BUENÓPOLIS;MG;-17,8744;-44,1775;4769,11
310925;BUGRE;MG;-19,4231;-42,2552;40571,69
310940;BURITIZEIRO;MG;-17,3656;-44,9606;1860,53
310945;CABECEIRA GRANDE;MG;-16,0335;-47,0862;7522,63
310950;CABO VERDE;MG;-21,4699;-46,3919;744,43
310960;CACHOEIRA DA PRATA;MG;-19,521;-44,4544;169345,48
310970;CACHOEIRA DE MINAS;MG;-22,3511;-45,7809;3103,94
310980;CACHOEIRA DOURADA;MG;-18,5161;-49,5039;4656,53
310990;CAETANÓPOLIS;MG;-19,2971;-44,4189;2414,97
311000;CAETÉ;MG;-19,8826;-43,6704;6059,11
311010;CAIANA;MG;-20,6956;-41,9292;2767,64
311020;CAJURI;MG;-20,7903;-42,7925;19276,35
311030;CALDAS;MG;-21,9183;-46,3843;83399,75
311040;CAMACHO;MG;-20,6294;-45,1593;4153,36
311050;CAMANDUCAIA;MG;-22,7515;-46,1494;6050,03
311060;CAMBUÍ;MG;-22,6115;-46,0572;6776,44
311070;CAMBUQUIRA;MG;-21,854;-45,2896;5693,66
311080;CAMPANÁRIO;MG;-18,2427;-41,7355;4300,54
311090;CAMPANHA;MG;-21,836;-45,4004;5768,12
311110;CAMPINA VERDE;MG;-19,5382;-49,4862;57286,43
311115;CAMPO AZUL;MG;-16,5028;-44,8096;36792,59
311120;CAMPO BELO;MG;-20,8932;-45,2699;6041,25
311130;CAMPO DO MEIO;MG;-21,1127;-45,8273;3814,42
311140;CAMPO FLORIDO;MG;-19,7631;-48,5716;6167,99
311150;CAMPOS ALTOS;MG;-19,6914;-46,1725;1744,99
311160;CAMPOS GERAIS;MG;-21,237;-45,7569;1497,73
311170;CANAÃ;MG;-20,6869;-42,6167;69973,22
311190;CANA VERDE;MG;-21,0232;-45,1801;106750,54
311205;CANTAGALO;MG;-18,5248;-42,6223;4534,33
311210;CAPARAÓ;MG;-20,5289;-41,9061;6644,38
311220;CAPELA NOVA;MG;-20,9179;-43,622;68002,73
311230;CAPELINHA;MG;-17,6888;-42,5147;9421,28
311240;CAPETINGA;MG;-20,6163;-47,0571;3170,41
311250;CAPIM BRANCO;MG;-19,5471;-44,1304;2999,5
311260;CAPINÓPOLIS;MG;-18,6862;-49,5706;5000,32
311265;CAPITÃO ANDRADE;MG;-19,0748;-41,8614;7531,13
311270;CAPITÃO ENÉAS;MG;-16,3265;-43,7084;2023,41
311280;CAPITÓLIO;MG;-20,6164;-46,0493;5314,65
311290;CAPUTIRA;MG;-20,1703;-42,2683;7502,91
311300;CARAÍ;MG;-17,1862;-41,7004;8800,87
311310;CARANAÍBA;MG;-20,8707;-43,7417;15386,73
311320;CARANDAÍ;MG;-20,9566;-43,811;12935,59
311330;CARANGOLA;MG;-20,7343;-42,0313;8950,69
311340;CARATINGA;MG;-19,7868;-42,1292;3961,65
311350;CARBONITA;MG;-17,5255;-43,0137;6274,93
311360;CAREAÇU;MG;-22,0424;-45,696;5360,44
311370;CARLOS CHAGAS;MG;-17,6973;-40,7723;9313,65
311380;CARMÉSIA;MG;-19,0877;-43,1382;7770,98
311390;CARMO DA CACHOEIRA;MG;-21,4633;-45,2201;922,06
311400;CARMO DA MATA;MG;-20,5575;-44,8735;4631,19
311410;CARMO DE MINAS;MG;-22,1204;-45,1307;4501,46
311420;CARMO DO CAJURU;MG;-20,1912;-44,7664;4206,16
311430;CARMO DO PARANAÍBA;MG;-18,991;-46,3167;4983,07
311440;CARMO DO RIO CLARO;MG;-20,9736;-46,1149;1913,79
311450;CARMÓPOLIS DE MINAS;MG;-20,5396;-44,6336;5233,51
311455;CARNEIRINHO;MG;-19,6987;-50,6894;5556,02
311460;CARRANCAS;MG;-21,4898;-44,6446;13635,1
311470;CARVALHÓPOLIS;MG;-21,7735;-45,8421;153965,99
311480;CARVALHOS;MG;-22;-44,4632;25382,98
311490;CASA GRANDE;MG;-20,7925;-43,9343;8803,64
311500;CASCALHO RICO;MG;-18,5772;-47,8716;49531,31
311510;CÁSSIA;MG;-20,5831;-46,9201;1827,81
311520;CONCEIÇÃO DA BARRA DE MINAS;MG;-21,1316;-44,4729;2473,97
311530;CATAGUASES;MG;-21,3924;-42,6896;4082,67
311535;CATAS ALTAS;MG;-20,0734;-43,4061;2480,52
311540;CATAS ALTAS DA NORUEGA;MG;-20,6901;-43,4939;9399
311545;CATUJI;MG;-17,3018;-41,5276;28398,38
311547;CATUTI;MG;-15,3616;-42,9627;25172,9
311550;CAXAMBU;MG;-21,9753;-44,9319;108258,08
311560;CEDRO DO ABAETÉ;MG;-19,1458;-45,712;42096,85
311570;CENTRAL DE MINAS;MG;-18,7612;-41,3143;25032,79
311580;CENTRALINA;MG;-18,5852;-49,2014;6615,72
311590;CHÁCARA;MG;-21,6733;-43,215;108549,78
311600;CHALÉ;MG;-20,0453;-41,6897;20604,59
311610;CHAPADA DO NORTE;MG;-17,0881;-42,5392;10465,03
311615;CHAPADA GAÚCHA;MG;-15,3014;-45,6116;7316,57
311620;CHIADOR;MG;-21,9996;-43,0617;175232,93
311630;CIPOTÂNEA;MG;-20,9026;-43,3629;26818,36
311640;CLARAVAL;MG;-20,397;-47,2768;2523,89
311650;CLARO DOS POÇÕES;MG;-17,082;-44,2061;3010,16
311660;CLÁUDIO;MG;-20,4437;-44,7673;5695,52
311670;COIMBRA;MG;-20,8535;-42,8008;5922,06
311680;COLUNA;MG;-18,2311;-42,8352;922,15
311690;COMENDADOR GOMES;MG;-19,6973;-49,0789;1866,38
311700;COMERCINHO;MG;-16,2963;-41,7945;19436,11
311710;CONCEIÇÃO DA APARECIDA;MG;-21,096;-46,2049;4290,28
311720;CONCEIÇÃO DAS PEDRAS;MG;-22,1576;-45,4562;19107,44
311730;CONCEIÇÃO DAS ALAGOAS;MG;-19,9172;-48,3839;2084
311740;CONCEIÇÃO DE IPANEMA;MG;-19,9326;-41,6908;46445,78
311750;CONCEIÇÃO DO MATO DENTRO;MG;-19,0344;-43,4221;2573,15
311760;CONCEIÇÃO DO PARÁ;MG;-19,7456;-44,8945;1203,2
311770;CONCEIÇÃO DO RIO VERDE;MG;-21,8778;-45,087;2090,79
311780;CONCEIÇÃO DOS OUROS;MG;-22,4078;-45,7996;4467,28
311783;CÔNEGO MARINHO;MG;-15,2892;-44,4181;7012,93
311787;CONFINS;MG;-19,6282;-43,9931;5219,92
311790;CONGONHAL;MG;-22,1488;-46,043;5937,64
311800;CONGONHAS;MG;-20,4958;-43,851;9787,86
311810;CONGONHAS DO NORTE;MG;-18,8021;-43,6767;8167,96
311820;CONQUISTA;MG;-19,9312;-47,5492;1824,12
311830;CONSELHEIRO LAFAIETE;MG;-20,6634;-43,7846;6093,59
311840;CONSELHEIRO PENA;MG;-19,1789;-41,4736;4885,33
311850;CONSOLAÇÃO;MG;-22,5493;-45,9255;49701,15
311860;CONTAGEM;MG;-19,9321;-44,0539;4954,61
311870;COQUEIRAL;MG;-21,1858;-45,4366;5441,38
311880;CORAÇÃO DE JESUS;MG;-16,6841;-44,3635;2561,2
311890;CORDISBURGO;MG;-19,1224;-44,3224;20799,64
311900;CORDISLÂNDIA;MG;-21,7891;-45,6999;1237,04
311910;CORINTO;MG;-18,369;-44,4542;6100,52
311920;COROACI;MG;-18,6156;-42,2791;15947,47
311930;COROMANDEL;MG;-18,4734;-47,1933;5277,28
311940;CORONEL FABRICIANO;MG;-19,5179;-42,6276;6293,58
311950;CORONEL MURTA;MG;-16,6148;-42,184;2627,3
311960;CORONEL PACHECO;MG;-21,5898;-43,256;67026,15
311970;CORONEL XAVIER CHAVES;MG;-21,0277;-44,2206;16278,09
311980;CÓRREGO DANTA;MG;-19,8198;-45,9032;131535,26
311990;CÓRREGO DO BOM JESUS;MG;-22,6269;-46,0241;77843,02
311995;CÓRREGO FUNDO;MG;-20,4474;-45,5617;2625,64
312000;CÓRREGO NOVO;MG;-19,8361;-42,3988;18791,71
312010;COUTO DE MAGALHÃES DE MINAS;MG;-18,0727;-43,4648;8577,17
312015;CRISÓLITA;MG;-17,2381;-40,9184;8165,07
312020;CRISTAIS;MG;-20,8733;-45,5167;13444,67
312030;CRISTÁLIA;MG;-16,716;-42,8571;7147,65
312040;CRISTIANO OTONI;MG;-20,8324;-43,8166;5846,58
312050;CRISTINA;MG;-22,208;-45,2673;3692,56
312060;CRUCILÂNDIA;MG;-20,3923;-44,3334;55482,62
312070;CRUZEIRO DA FORTALEZA;MG;-18,944;-46,6669;17601,22
312080;CRUZÍLIA;MG;-21,84;-44,8067;2252,18
312083;CUPARAQUE;MG;-18,9648;-41,0986;7947,34
312087;CURRAL DE DENTRO;MG;-15,9327;-41,8557;11536,94
312090;CURVELO;MG;-18,7527;-44,4303;9797,83
312100;DATAS;MG;-18,4478;-43,6591;2481,52
312110;DELFIM MOREIRA;MG;-22,5036;-45,2792;751,22
312120;DELFINÓPOLIS;MG;-20,3468;-46,8456;4840,62
312125;DELTA;MG;-19,9721;-47,7841;2634,88
312130;DESCOBERTO;MG;-21,46;-42,9618;104164,68
312140;DESTERRO DE ENTRE RIOS;MG;-20,665;-44,3334;55524,25
312150;DESTERRO DO MELO;MG;-21,143;-43,5178;67478,39
312160;DIAMANTINA;MG;-18,2413;-43,6031;2201,37
312170;DIOGO DE VASCONCELOS;MG;-20,4879;-43,1953;61976,95
312180;DIONÍSIO;MG;-19,8433;-42,7701;117453,95
312190;DIVINÉSIA;MG;-20,9917;-43,0003;5599,55
312200;DIVINO;MG;-20,6134;-42,1438;1713,41
312210;DIVINO DAS LARANJEIRAS;MG;-18,7755;-41,4781;49416,24
312220;DIVINOLÂNDIA DE MINAS;MG;-18,8004;-42,6103;675,54
312230;DIVINÓPOLIS;MG;-20,1446;-44,8912;5803,1
312235;DIVISA ALEGRE;MG;-15,7221;-41,3463;7185,01
312240;DIVISA NOVA;MG;-21,5092;-46,1904;1089,28
312245;DIVISÓPOLIS;MG;-15,7254;-40,9997;4035,23
312247;DOM BOSCO;MG;-16,652;-46,2597;7040,07
312250;DOM CAVATI;MG;-19,3735;-42,1121;131336,51
312260;DOM JOAQUIM;MG;-18,961;-43,2544;24064,65
312270;DOM SILVÉRIO;MG;-20,1627;-42,9627;140765,52
312280;DOM VIÇOSO;MG;-22,2511;-45,1643;69192,69
312300;DORES DE CAMPOS;MG;-21,1139;-44,0207;4819,82
312310;DORES DE GUANHÃES;MG;-19,0516;-42,9254;27979,06
312320;DORES DO INDAIÁ;MG;-19,4628;-45,5927;72260,36
312330;DORES DO TURVO;MG;-20,9785;-43,1834;24207,61
312340;DORESÓPOLIS;MG;-20,2868;-45,9007;3348,28
312350;DOURADOQUARA;MG;-18,4338;-47,5993;6260,32
312352;DURANDÉ;MG;-20,2058;-41,7977;952,01
312360;ELÓI MENDES;MG;-21,6088;-45,5691;2298,41
312370;ENGENHEIRO CALDAS;MG;-19,2065;-42,0503;5172,69
312380;ENGENHEIRO NAVARRO;MG;-17,2831;-43,947;3589,12
312385;ENTRE FOLHAS;MG;-19,6218;-42,2306;18440,26
312390;ENTRE RIOS DE MINAS;MG;-20,6706;-44,0654;4805,76
312400;ERVÁLIA;MG;-20,8403;-42,6544;8484,61
312410;ESMERALDAS;MG;-19,764;-44,3065;3059,28
312420;ESPERA FELIZ;MG;-20,6508;-41,9119;1773,8
312430;ESPINOSA;MG;-14,9249;-42,809;1664,67
312440;ESPÍRITO SANTO DO DOURADO;MG;-22,0454;-45,9548;1259,6
312450;ESTIVA;MG;-22,4577;-46,0191;7074,08
312460;ESTRELA DALVA;MG;-21,7412;-42,4574;110101,8
312470;ESTRELA DO INDAIÁ;MG;-19,5169;-45,7859;38665,42
312480;ESTRELA DO SUL;MG;-18,7399;-47,6956;741,06
312490;EUGENÓPOLIS;MG;-21,1002;-42,1878;56180,89
312500;EWBANK DA CÂMARA;MG;-21,5498;-43,5068;3050,85
312510;EXTREMA;MG;-22,854;-46,3178;5924,97
312520;FAMA;MG;-21,4089;-45,8286;100556,8
312530;FARIA LEMOS;MG;-20,8097;-42,0213;84739,73
312540;FELÍCIO DOS SANTOS;MG;-18,0755;-43,2422;8454,94
312550;SÃO GONÇALO DO RIO PRETO;MG;-18,0025;-43,3854;6784,4
312560;FELISBURGO;MG;-16,6348;-40,7605;24213,83
312570;FELIXLÂNDIA;MG;-18,7507;-44,9004;2169,69
312580;FERNANDES TOURINHO;MG;-19,1541;-42,0803;55359,86
312590;FERROS;MG;-19,2343;-43,0192;32856,56
312595;FERVEDOURO;MG;-20,726;-42,279;26900,87
312600;FLORESTAL;MG;-19,888;-44,4318;4435,45
312610;FORMIGA;MG;-20,4618;-45,4268;5746,75
312620;FORMOSO;MG;-14,9446;-46,2371;8482,75
312630;FORTALEZA DE MINAS;MG;-20,8508;-46,712;5654,88
312640;FORTUNA DE MINAS;MG;-19,5578;-44,4472;3562,84
312650;FRANCISCO BADARÓ;MG;-16,9883;-42,3568;22435,62
312660;FRANCISCO DUMONT;MG;-17,3107;-44,2317;1349,74
312670;FRANCISCO SÁ;MG;-16,4827;-43,4896;2222,57
312675;FRANCISCÓPOLIS;MG;-17,9578;-42,0094;10516,88
312680;FREI GASPAR;MG;-18,0709;-41,4325;2932,38
312690;FREI INOCÊNCIO;MG;-18,5556;-41,9121;7704,55
312695;FREI LAGONEGRO;MG;-18,1751;-42,7617;9355,63
312700;FRONTEIRA;MG;-20,2748;-49,1984;1126,98
312705;FRONTEIRA DOS VALES;MG;-16,8898;-40,923;18078,56
312707;FRUTA DE LEITE;MG;-16,1225;-42,5288;4252,44
312710;FRUTAL;MG;-20,0259;-48,9355;4355,92
312720;FUNILÂNDIA;MG;-19,3661;-44,061;8003,08
312730;GALILÉIA;MG;-19,0005;-41,5387;2433,86
312733;GAMELEIRAS;MG;-15,0829;-43,125;9516,95
312735;GLAUCILÂNDIA;MG;-16,8481;-43,692;5885,04
312737;GOIABEIRA;MG;-18,9807;-41,2235;1248,84
312738;GOIANÁ;MG;-21,536;-43,1957;219808,22
312740;GONÇALVES;MG;-22,6545;-45,8556;4350,04
312750;GONZAGA;MG;-18,8196;-42,4769;28537,54
312760;GOUVEIA;MG;-18,4519;-43,7423;2738,08
312770;GOVERNADOR VALADARES;MG;-18,8545;-41,9555;6334,1
312780;GRÃO MOGOL;MG;-16,5662;-42,8923;19620,69
312790;GRUPIARA;MG;-18,5003;-47,7318;100727,38
312800;GUANHÃES;MG;-18,7713;-42,9312;7923,23
312810;GUAPÉ;MG;-20,7631;-45,9152;2369,38
312820;GUARACIABA;MG;-20,5716;-43,0094;61805,25
312825;GUARACIAMA;MG;-17,0142;-43,6675;3521,76
312830;GUARANÉSIA;MG;-21,3009;-46,7964;1421,52
312840;GUARANI;MG;-21,3563;-43,0328;111016,94
312850;GUARARÁ;MG;-21,7304;-43,0334;5968,5
312860;GUARDA-MOR;MG;-17,7673;-47,0998;7819,63
312870;GUAXUPÉ;MG;-21,305;-46,7081;4395,21
312880;GUIDOVAL;MG;-21,155;-42,7887;44231,01
312890;GUIMARÂNIA;MG;-18,8425;-46,7901;2236,68
312900;GUIRICEMA;MG;-21,0098;-42,7207;106293,62
312910;GURINHATÃ;MG;-19,2143;-49,7876;58901,39
312920;HELIODORA;MG;-22,0644;-45,5453;1047,23
312930;IAPU;MG;-19,4387;-42,2147;5436,89
312940;IBERTIOGA;MG;-21,433;-43,9639;5798,02
312950;IBIÁ;MG;-19,4749;-46,5474;11867,53
312960;IBIAÍ;MG;-16,8591;-44,9046;7791,9
312965;IBIRACATU;MG;-15,6605;-44,1667;10582,51
312970;IBIRACI;MG;-20,4611;-47,1222;4131,96
312980;IBIRITÉ;MG;-20,0252;-44,0569;3663,76
312990;IBITIÚRA DE MINAS;MG;-22,0604;-46,4368;1678,4
313000;IBITURUNA;MG;-21,1541;-44,7479;5994,21
313005;ICARAÍ DE MINAS;MG;-16,214;-44,9034;2850,58
313010;IGARAPÉ;MG;-20,0707;-44,2994;4156,47
313020;IGARATINGA;MG;-19,9476;-44,7063;7263,67
313030;IGUATAMA;MG;-20,1776;-45,7111;5403,32
313040;IJACI;MG;-21,1738;-44,9233;4512,08
313050;ILICÍNEA;MG;-20,9402;-45,8308;3455,83
313055;IMBÉ DE MINAS;MG;-19,6017;-41,9695;24750,31
313060;INCONFIDENTES;MG;-22,3136;-46,3264;4345,5
313065;INDAIABIRA;MG;-15,4911;-42,2005;1181,72
313070;INDIANÓPOLIS;MG;-19,0341;-47,9155;6110,1
313080;INGAÍ;MG;-21,4024;-44,9152;2603,6
313090;INHAPIM;MG;-19,5476;-42,1147;293,68
313100;INHAÚMA;MG;-19,4898;-44,3934;6583,78
313110;INIMUTABA;MG;-18,7271;-44,3584;3392,44
313115;IPABA;MG;-19,4158;-42,4139;5310,34
313120;IPANEMA;MG;-19,7992;-41,7164;421077,12
313130;IPATINGA;MG;-19,4703;-42,5476;9946,16
313140;IPIAÇU;MG;-18,6927;-49,9436;52442,06
313150;IPUIÚNA;MG;-22,1013;-46,1915;2254,37
313160;IRAÍ DE MINAS;MG;-18,9819;-47,461;1228,87
313170;ITABIRA;MG;-19,6239;-43,2312;6294,39
313180;ITABIRINHA;MG;-18,5712;-41,234;3942,25
313190;ITABIRITO;MG;-20,2501;-43,8038;5693,23
313200;ITACAMBIRA;MG;-17,0625;-43,3069;8835,11
313210;ITACARAMBI;MG;-15,089;-44,095;4567,25
313220;ITAGUARA;MG;-20,3947;-44,4875;3475,77
313230;ITAIPÉ;MG;-17,4014;-41,6697;10407,95
313240;ITAJUBÁ;MG;-22,4225;-45,4598;9986,73
313250;ITAMARANDIBA;MG;-17,8552;-42,8561;2893,65
313260;ITAMARATI DE MINAS;MG;-21,4179;-42,813;67036,43
313270;ITAMBACURI;MG;-18,035;-41,683;2332,9
313280;ITAMBÉ DO MATO DENTRO;MG;-19,4158;-43,3182;48943,56
313290;ITAMOGI;MG;-21,0758;-47,046;4937,64
313300;ITAMONTE;MG;-22,2859;-44,868;5116,67
313310;ITANHANDU;MG;-22,2942;-44,9382;5753,8
313320;ITANHOMI;MG;-19,1736;-41,863;42805,86
313330;ITAOBIM;MG;-16,5571;-41,5017;5795,91
313340;ITAPAGIPE;MG;-19,9062;-49,3781;3656,18
313350;ITAPECERICA;MG;-20,4704;-45,127;76132,31
313360;ITAPEVA;MG;-22,7665;-46,2241;4224,5
313370;ITATIAIUÇU;MG;-20,1983;-44,4211;6522,01
313375;ITAÚ DE MINAS;MG;-20,7375;-46,7525;5413,94
313380;ITAÚNA;MG;-20,0818;-44,5801;5900,23
313390;ITAVERAVA;MG;-20,6769;-43,6141;3340,69
313400;ITINGA;MG;-16,61;-41,7672;21723,33
313410;ITUETA;MG;-19,3999;-41,1746;13995,21
313420;ITUIUTABA;MG;-18,9772;-49,4639;3700,33
313430;ITUMIRIM;MG;-21,3171;-44,8724;7234,39
313440;ITURAMA;MG;-19,7276;-50,1966;5178,13
313450;ITUTINGA;MG;-21,3;-44,6567;15222,86
313460;JABOTICATUBAS;MG;-19,5119;-43,7373;2178,2
313470;JACINTO;MG;-16,1428;-40,295;19645,76
313480;JACUÍ;MG;-21,0137;-46,7359;6331,24
313490;JACUTINGA;MG;-22,286;-46,6166;1068,98
313500;JAGUARAÇU;MG;-19,647;-42,7498;1429,34
313505;JAÍBA;MG;-15,3432;-43,6688;1554,5
313507;JAMPRUCA;MG;-18,461;-41,809;3057,12
313510;JANAÚBA;MG;-15,8022;-43,3132;2663,38
313520;JANUÁRIA;MG;-15,4802;-44,3639;5369,45
313530;JAPARAÍBA;MG;-20,1442;-45,5015;1627,43
313535;JAPONVAR;MG;-15,9891;-44,2758;8338,07
313540;JECEABA;MG;-20,5339;-43,9894;9329,49
313545;JENIPAPO DE MINAS;MG;-17,0831;-42,2589;2459,93
313550;JEQUERI;MG;-20,4542;-42,6651;10494,93
313560;JEQUITAÍ;MG;-17,229;-44,4376;2278,71
313570;JEQUITIBÁ;MG;-19,2345;-44,0304;29438,6
313580;JEQUITINHONHA;MG;-16,4375;-41,0117;22144,57
313590;JESUÂNIA;MG;-21,9887;-45,2911;6639,14
313600;JOAÍMA;MG;-16,6522;-41,0229;20923,15
313610;JOANÉSIA;MG;-19,1729;-42,6775;32798,13
313620;JOÃO MONLEVADE;MG;-19,8126;-43,1735;6399,95
313630;JOÃO PINHEIRO;MG;-17,7398;-46,1715;3009,31
313640;JOAQUIM FELÍCIO;MG;-17,758;-44,1643;2768,2
313650;JORDÂNIA;MG;-15,9009;-40,1841;8515,69
313652;JOSÉ GONÇALVES DE MINAS;MG;-16,9053;-42,6014;2615,5
313655;JOSÉ RAYDAN;MG;-18,2195;-42,4946;4408,07
313657;JOSENÓPOLIS;MG;-16,5417;-42,5151;4254,58
313665;JUATUBA;MG;-19,9448;-44,3451;2335,96
313670;JUIZ DE FORA;MG;-21,7595;-43,3398;11776,38
313680;JURAMENTO;MG;-16,8473;-43,5865;3541,42
313690;JURUAIA;MG;-21,2493;-46,5735;18981,64
313695;JUVENÍLIA;MG;-14,2662;-44,1597;3580,84
313700;LADAINHA;MG;-17,6279;-41,7488;7661,67
313710;LAGAMAR;MG;-18,1759;-46,8063;14350
313720;LAGOA DA PRATA;MG;-20,0237;-45,5401;5476,71
313730;LAGOA DOS PATOS;MG;-16,978;-44,5754;3164,03
313740;LAGOA DOURADA;MG;-20,9139;-44,0797;13155,26
313750;LAGOA FORMOSA;MG;-18,7715;-46,4012;5415,71
313760;LAGOA SANTA;MG;-19,6397;-43,8932;10900,46
313770;LAJINHA;MG;-20,1539;-41,6228;11240,13
313780;LAMBARI;MG;-21,9671;-45,3498;4099,6
313790;LAMIM;MG;-20,79;-43,4706;75236,4
313800;LARANJAL;MG;-21,3715;-42,4732;86873,43
313810;LASSANCE;MG;-17,887;-44,5735;2191,1
313820;LAVRAS;MG;-21,248;-45,0009;5796,82
313830;LEANDRO FERREIRA;MG;-19,7193;-45,0279;67949,8
313835;LEME DO PRADO;MG;-17,0793;-42,6936;2329,67
313840;LEOPOLDINA;MG;-21,5296;-42,6421;9954,3
313850;LIBERDADE;MG;-22,0275;-44,3208;65779,69
313860;LIMA DUARTE;MG;-21,8386;-43,7934;10507,84
313862;LIMEIRA DO OESTE;MG;-19,5512;-50,5815;11930,97
313865;LONTRA;MG;-15,9013;-44,306;1718,54
313867;LUISBURGO;MG;-20,4468;-42,0976;51774,3
313868;LUISLÂNDIA;MG;-16,1095;-44,5886;14945,84
313870;LUMINÁRIAS;MG;-21,5145;-44,9034;4604,39
313880;LUZ;MG;-19,7911;-45,6794;4811,87
313890;MACHACALIS;MG;-17,0723;-40,7245;18797,74
313900;MACHADO;MG;-21,6778;-45,9219;4944,85
313910;MADRE DE DEUS DE MINAS;MG;-21,483;-44,3287;16019
313920;MALACACHETA;MG;-17,8456;-42,0769;2599,67
313925;MAMONAS;MG;-15,0479;-42,9469;59432,32
313930;MANGA;MG;-14,7529;-43,9391;27033,91
313940;MANHUAÇU;MG;-20,2572;-42,028;8015,8
313950;MANHUMIRIM;MG;-20,3591;-41,9589;957,4
313960;MANTENA;MG;-18,7761;-40,9874;13987,85
313970;MARAVILHAS;MG;-19,5076;-44,6779;2128,55
313980;MAR DE ESPANHA;MG;-21,8707;-43,0062;767,82
313990;MARIA DA FÉ;MG;-22,3044;-45,3773;3165,99
314000;MARIANA;MG;-20,3765;-43,414;9602,99
314010;MARILAC;MG;-18,5079;-42,0822;5167,94
314015;MÁRIO CAMPOS;MG;-20,0582;-44,1883;4178,14
314020;MARIPÁ DE MINAS;MG;-21,6979;-42,9546;33819,18
314030;MARLIÉRIA;MG;-19,7096;-42,7327;7264,03
314040;MARMELÓPOLIS;MG;-22,447;-45,1645;6782,65
314050;MARTINHO CAMPOS;MG;-19,3306;-45,2434;4075,31
314053;MARTINS SOARES;MG;-20,2546;-41,8786;606,97
314055;MATA VERDE;MG;-15,6869;-40,7366;2648,42
314060;MATERLÂNDIA;MG;-18,4699;-43,0579;26527,73
314070;MATEUS LEME;MG;-19,9794;-44,4318;4155,63
314080;MATIAS BARBOSA;MG;-21,869;-43,3135;5274,39
314085;MATIAS CARDOSO;MG;-14,8563;-43,9146;8086,19
314090;MATIPÓ;MG;-20,2873;-42,3401;634,84
314100;MATO VERDE;MG;-15,3944;-42,86;7426,36
314110;MATOZINHOS;MG;-19,5543;-44,0868;5269,71
314120;MATUTINA;MG;-19,2179;-45,9664;57230,36
314130;MEDEIROS;MG;-19,9865;-46,2181;6920,49
314140;MEDINA;MG;-16,2245;-41,4728;21770,06
314150;MENDES PIMENTEL;MG;-18,6631;-41,4052;7339,27
314160;MERCÊS;MG;-21,1976;-43,3337;71937,92
314170;MESQUITA;MG;-19,224;-42,6079;25061,12
314180;MINAS NOVAS;MG;-17,2156;-42,5884;7590,26
314190;MINDURI;MG;-21,6797;-44,6051;8188,63
314200;MIRABELA;MG;-16,256;-44,1602;2367,89
314210;MIRADOURO;MG;-20,8899;-42,3458;27409,65
314220;MIRAÍ;MG;-21,2021;-42,6122;690,36
314225;MIRAVÂNIA;MG;-14,7348;-44,4092;7205,94
314230;MOEDA;MG;-20,3399;-44,0509;48845,04
314240;MOEMA;MG;-19,8387;-45,4127;4438
314250;MONJOLOS;MG;-18,3245;-44,118;3161,73
314260;MONSENHOR PAULO;MG;-21,7579;-45,5391;5600,21
314270;MONTALVÂNIA;MG;-14,4197;-44,3719;6769,97
314280;MONTE ALEGRE DE MINAS;MG;-18,869;-48,881;1876,45
314290;MONTE AZUL;MG;-15,1514;-42,8718;24936,14
314300;MONTE BELO;MG;-21,3271;-46,3635;12574,45
314310;MONTE CARMELO;MG;-18,7302;-47,4912;4402,47
314315;MONTE FORMOSO;MG;-16,8691;-41,2473;25425,66
314320;MONTE SANTO DE MINAS;MG;-21,1873;-46,9753;60796,41
314330;MONTES CLAROS;MG;-16,7282;-43,8578;7391,63
314340;MONTE SIÃO;MG;-22,4335;-46,573;1779,39
314345;MONTEZUMA;MG;-15,1702;-42,4941;4941,72
314350;MORADA NOVA DE MINAS;MG;-18,5998;-45,3584;1259,35
314360;MORRO DA GARÇA;MG;-18,5356;-44,601;6995,37
314370;MORRO DO PILAR;MG;-19,2236;-43,3795;19518,43
314380;MUNHOZ;MG;-22,6092;-46,362;15905,66
314390;MURIAÉ;MG;-21,13;-42,3693;5745,74
314400;MUTUM;MG;-19,8121;-41,4407;431,16
314410;MUZAMBINHO;MG;-21,3692;-46,5213;5085,72
314420;NACIP RAYDAN;MG;-18,4544;-42,2481;13617,21
314430;NANUQUE;MG;-17,8481;-40,3533;9160,78
314435;NAQUE;MG;-19,2291;-42,3312;2294,55
314437;NATALÂNDIA;MG;-16,5021;-46,4874;6587,92
314440;NATÉRCIA;MG;-22,1158;-45,5123;116917,18
314450;NAZARENO;MG;-21,2168;-44,6138;5273,8
314460;NEPOMUCENO;MG;-21,2324;-45,235;2013,26
314465;NINHEIRA;MG;-15,3148;-41,7564;23773,38
314467;NOVA BELÉM;MG;-18,4925;-41,1107;10265,81
314470;NOVA ERA;MG;-19,7577;-43,0333;5028,73
314480;NOVA LIMA;MG;-19,9758;-43,8509;20219,54
314490;NOVA MÓDICA;MG;-18,4417;-41,4984;30680,22
314500;NOVA PONTE;MG;-19,1461;-47,6779;5112,96
314505;NOVA PORTEIRINHA;MG;-15,7993;-43,2941;2843,55
314510;NOVA RESENDE;MG;-21,1286;-46,4157;7789,67
314520;NOVA SERRANA;MG;-19,8713;-44,9847;5872,66
314530;NOVO CRUZEIRO;MG;-17,4654;-41,8826;4350,89
314535;NOVO ORIENTE DE MINAS;MG;-17,4089;-41,2194;11146,82
314537;NOVORIZONTE;MG;-16,0162;-42,4044;16887,1
314540;OLARIA;MG;-21,8598;-43,9356;34021,82
314545;OLHOS-D'ÁGUA;MG;-17,3982;-43,5719;3047,05
314550;OLÍMPIO NORONHA;MG;-22,0685;-45,2657;6325,93
314560;OLIVEIRA;MG;-20,6982;-44,829;5842,54
314570;OLIVEIRA FORTES;MG;-21,3401;-43,4499;3152,35
314580;ONÇA DE PITANGUI;MG;-19,7276;-44,8058;6636,02
314585;ORATÓRIOS;MG;-20,4298;-42,7977;7059,46
314587;ORIZÂNIA;MG;-20,5142;-42,1991;7909,24
314600;OURO FINO;MG;-22,2779;-46,3716;2902,78
314610;OURO PRETO;MG;-20,3796;-43,512;11224,63
314620;OURO VERDE DE MINAS;MG;-18,0719;-41,2734;21172,32
314625;PADRE CARVALHO;MG;-16,3646;-42,5088;2264,65
314630;PADRE PARAÍSO;MG;-17,0758;-41,4821;2997,23
314640;PAINEIRAS;MG;-18,8993;-45,5321;53227,32
314650;PAINS;MG;-20,3705;-45,6627;5170,8
314655;PAI PEDRO;MG;-15,5271;-43,07;20731,75
314660;PAIVA;MG;-21,2913;-43,4088;137309,89
314670;PALMA;MG;-21,3748;-42,3123;70557,25
314675;PALMÓPOLIS;MG;-16,7364;-40,4296;14092,64
314690;PAPAGAIOS;MG;-19,4419;-44,7468;3569,22
314700;PARACATU;MG;-17,2252;-46,8711;6339,96
314710;PARÁ DE MINAS;MG;-19,8534;-44,6114;4292,48
314720;PARAGUAÇU;MG;-21,5465;-45,7374;3517,18
314730;PARAISÓPOLIS;MG;-22,5539;-45,7803;1661,14
314740;PARAOPEBA;MG;-19,2732;-44,4044;1755,9
314750;PASSABÉM;MG;-19,3509;-43,1383;70396,89
314760;PASSA QUATRO;MG;-22,3871;-44,9709;4297,28
314770;PASSA TEMPO;MG;-20,6539;-44,4926;133253,41
314790;PASSOS;MG;-20,7193;-46,609;4547,16
314795;PATIS;MG;-16,0773;-44,0787;25671,2
314800;PATOS DE MINAS;MG;-18,5699;-46,5013;6381,12
314810;PATROCÍNIO;MG;-18,9379;-46,9934;3858,62
314820;PATROCÍNIO DO MURIAÉ;MG;-21,1544;-42,2125;104001,7
314830;PAULA CÂNDIDO;MG;-20,8754;-42,9752;16668,49
314840;PAULISTAS;MG;-18,4276;-42,8628;28490,85
314850;PAVÃO;MG;-17,4267;-41,0035;25740,44
314860;PEÇANHA;MG;-18,5441;-42,5583;725,89
314870;PEDRA AZUL;MG;-16,0086;-41,2909;2470,06
314875;PEDRA BONITA;MG;-20,5219;-42,3304;12264,34
314880;PEDRA DO ANTA;MG;-20,5968;-42,7123;54520,45
314890;PEDRA DO INDAIÁ;MG;-20,2563;-45,2107;105632,63
314900;PEDRA DOURADA;MG;-20,8266;-42,1515;22783,14
314910;PEDRALVA;MG;-22,2386;-45,4654;15460,81
314915;PEDRAS DE MARIA DA CRUZ;MG;-15,6032;-44,391;2346,77
314920;PEDRINÓPOLIS;MG;-19,2241;-47,4579;2870,66
314930;PEDRO LEOPOLDO;MG;-19,6308;-44,0383;2976,57
314940;PEDRO TEIXEIRA;MG;-21,7076;-43,743;7917,63
314950;PEQUERI;MG;-21,8341;-43,1145;5128,11
314960;PEQUI;MG;-19,6284;-44,6604;44194,14
314970;PERDIGÃO;MG;-19,9411;-45,078;7348,49
314980;PERDIZES;MG;-19,3434;-47,2963;11862,68
314990;PERDÕES;MG;-21,0932;-45,0896;5471,45
314995;PERIQUITO;MG;-19,1573;-42,2333;4439,27
315000;PESCADOR;MG;-18,357;-41,6006;37730,3
315010;PIAU;MG;-21,5096;-43,313;32540,76
315015;PIEDADE DE CARATINGA;MG;-19,7593;-42,0756;1101,67
315020;PIEDADE DE PONTE NOVA;MG;-20,2438;-42,7379;3484,16
315030;PIEDADE DO RIO GRANDE;MG;-21,469;-44,1938;113063,82
315040;PIEDADE DOS GERAIS;MG;-20,4715;-44,2243;40304,75
315050;PIMENTA;MG;-20,4827;-45,8049;5763,21
315053;PINGO-D'ÁGUA;MG;-19,7287;-42,4095;1105,44
315057;PINTÓPOLIS;MG;-16,0572;-45,1402;10379,21
315060;PIRACEMA;MG;-20,5089;-44,4783;46676,58
315070;PIRAJUBA;MG;-19,9092;-48,7027;10767,63
315080;PIRANGA;MG;-20,6834;-43,2967;44233,98
315090;PIRANGUÇU;MG;-22,5249;-45,4945;4425,62
315100;PIRANGUINHO;MG;-22,395;-45,5324;2239,2
315110;PIRAPETINGA;MG;-21,6554;-42,3434;2037,25
315120;PIRAPORA;MG;-17,3392;-44,934;6557,81
315130;PIRAÚBA;MG;-21,2825;-43,0172;69872,95
315140;PITANGUI;MG;-19,6741;-44,8964;1359,59
315150;PIUMHI;MG;-20,4762;-45,9589;5181,39
315160;PLANURA;MG;-20,1376;-48,7;4667,13
315170;POÇO FUNDO;MG;-21,78;-45,9658;5715,62
315180;POÇOS DE CALDAS;MG;-21,78;-46,5692;5867,9
315190;POCRANE;MG;-19,6208;-41,6334;59994,18
315200;POMPÉU;MG;-19,2257;-45,0141;14317,53
315210;PONTE NOVA;MG;-20,4111;-42,8978;10349,61
315213;PONTO CHIQUE;MG;-16,6282;-45,0588;7439,29
315217;PONTO DOS VOLANTES;MG;-16,7473;-41,5025;4106,17
315220;PORTEIRINHA;MG;-15,7404;-43,0281;8114,46
315230;PORTO FIRME;MG;-20,6642;-43,0834;16134,85
315240;POTÉ;MG;-17,8077;-41,786;19047,67
315250;POUSO ALEGRE;MG;-22,2266;-45,9389;5565,16
315260;POUSO ALTO;MG;-22,1964;-44,9748;83677,26
315270;PRADOS;MG;-21,0597;-44,0778;4703,16
315290;PRATÁPOLIS;MG;-20,7411;-46,8624;158730,05
315300;PRATINHA;MG;-19,739;-46,3755;38397,08
315310;PRESIDENTE BERNARDES;MG;-20,7656;-43,1895;108015,37
315330;PRESIDENTE KUBITSCHEK;MG;-18,6193;-43,5628;7108,29
315340;PRESIDENTE OLEGÁRIO;MG;-18,4096;-46,4165;6075,67
315350;ALTO JEQUITIBÁ;MG;-20,4208;-41,967;1571,3
315360;PRUDENTE DE MORAIS;MG;-19,4742;-44,1591;2358,24
315370;QUARTEL GERAL;MG;-19,2703;-45,5569;1317,05
315380;QUELUZITO;MG;-20,7416;-43,8851;95272,06
315390;RAPOSOS;MG;-19,9636;-43,8079;3697,82
315400;RAUL SOARES;MG;-20,1061;-42,4502;27261,29
315410;RECREIO;MG;-21,5289;-42,4676;115341,73
315415;REDUTO;MG;-20,2401;-41,9848;4074,18
315420;RESENDE COSTA;MG;-20,9171;-44,2407;3118,5
315430;RESPLENDOR;MG;-19,3194;-41,2462;27385,81
315440;RESSAQUINHA;MG;-21,0642;-43,7598;6024,1
315450;RIACHO DOS MACHADOS;MG;-16,0091;-43,0488;2194,42
315460;RIBEIRÃO DAS NEVES;MG;-19,7621;-44,0844;3802,21
315470;RIBEIRÃO VERMELHO;MG;-21,1879;-45,0637;219615,52
315480;RIO ACIMA;MG;-20,0876;-43,7878;2414,33
315490;RIO CASCA;MG;-20,2285;-42,6462;2545,37
315500;RIO DOCE;MG;-20,2412;-42,8995;99241,17
315510;RIO DO PRADO;MG;-16,6056;-40,5714;24897,29
315520;RIO ESPERA;MG;-20,855;-43,4721;40425,37
315530;RIO MANSO;MG;-20,2666;-44,3069;7522,89
315540;RIO NOVO;MG;-21,4649;-43,1168;58900,13
315550;RIO PARANAÍBA;MG;-19,1861;-46,2455;5397,75
315560;RIO PARDO DE MINAS;MG;-15,616;-42,5405;26159,59
315570;RIO PIRACICABA;MG;-19,9284;-43,1829;2614,66
315580;RIO POMBA;MG;-21,2712;-43,1696;92116,21
315590;RIO PRETO;MG;-22,0861;-43,8293;68547,17
315600;RIO VERMELHO;MG;-18,2922;-43,0018;8080,57
315610;RITÁPOLIS;MG;-21,0276;-44,3204;40044,44
315620;ROCHEDO DE MINAS;MG;-21,6284;-43,0165;1127,44
315630;RODEIRO;MG;-21,2035;-42,8586;5505,47
315640;ROMARIA;MG;-18,8838;-47,5782;3622,98
315645;ROSÁRIO DA LIMEIRA;MG;-20,9812;-42,5112;3830,97
315650;RUBELITA;MG;-16,4053;-42,261;10709,06
315660;RUBIM;MG;-16,3775;-40,5397;33919,58
315670;SABARÁ;MG;-19,884;-43,8263;4729
315680;SABINÓPOLIS;MG;-18,6653;-43,0752;2107,29
315690;SACRAMENTO;MG;-19,8622;-47,4508;4067,57
315700;SALINAS;MG;-16,1753;-42,2964;22363,76
315710;SALTO DA DIVISA;MG;-16,0063;-39,9391;9585,79
315725;SANTA BÁRBARA DO LESTE;MG;-19,9753;-42,1457;1630,17
315727;SANTA BÁRBARA DO MONTE VERDE;MG;-21,9592;-43,7027;22221,94
315730;SANTA BÁRBARA DO TUGÚRIO;MG;-21,2431;-43,5607;8565,82
315733;SANTA CRUZ DE MINAS;MG;-21,1241;-44,2202;5315,92
315737;SANTA CRUZ DE SALINAS;MG;-16,0967;-41,7418;38979,81
315740;SANTA CRUZ DO ESCALVADO;MG;-20,2372;-42,8169;53410,47
315750;SANTA EFIGÊNIA DE MINAS;MG;-18,8235;-42,4388;3498,1
315760;SANTA FÉ DE MINAS;MG;-16,6859;-45,4102;3751,82
315765;SANTA HELENA DE MINAS;MG;-16,9707;-40,6727;18424,17
315770;SANTA JULIANA;MG;-19,3108;-47,5322;1898,42
315790;SANTA MARGARIDA;MG;-20,3839;-42,2519;7685,02
315800;SANTA MARIA DE ITABIRA;MG;-19,4431;-43,1064;2647,41
315810;SANTA MARIA DO SALTO;MG;-16,2479;-40,1512;15656,39
315820;SANTA MARIA DO SUAÇUÍ;MG;-18,1896;-42,4139;2309,15
315830;SANTANA DA VARGEM;MG;-21,2449;-45,5005;5345,27
315840;SANTANA DE CATAGUASES;MG;-21,2893;-42,5524;130255,46
315850;SANTANA DE PIRAPAMA;MG;-18,9962;-44,0409;45504,29
315860;SANTANA DO DESERTO;MG;-21,9512;-43,1583;7823,63
315870;SANTANA DO GARAMBÉU;MG;-21,5983;-44,105;9715,32
315880;SANTANA DO JACARÉ;MG;-20,9007;-45,1285;121671,18
315890;SANTANA DO MANHUAÇU;MG;-20,1031;-41,9278;68908,34
315895;SANTANA DO PARAÍSO;MG;-19,3661;-42,5446;1212,98
315900;SANTANA DO RIACHO;MG;-19,1662;-43,722;11462,93
315910;SANTANA DOS MONTES;MG;-20,7868;-43,6949;3818,78
315920;SANTA RITA DE CALDAS;MG;-22,0292;-46,3385;90605,68
315930;SANTA RITA DE JACUTINGA;MG;-22,1474;-44,0977;43996,3
315935;SANTA RITA DE MINAS;MG;-19,876;-42,1363;565,59
315940;SANTA RITA DE IBITIPOCA;MG;-21,5658;-43,9163;16546,77
315950;SANTA RITA DO ITUETO;MG;-19,3576;-41,3821;3513,56
315960;SANTA RITA DO SAPUCAÍ;MG;-22,2461;-45,7034;5260,74
315970;SANTA ROSA DA SERRA;MG;-19,5186;-45,9611;6359,58
315980;SANTA VITÓRIA;MG;-18,8414;-50,1208;798,76
315990;SANTO ANTÔNIO DO AMPARO;MG;-20,943;-44,9176;4162,71
316000;SANTO ANTÔNIO DO AVENTUREIRO;MG;-21,7606;-42,8115;59058,8
316010;SANTO ANTÔNIO DO GRAMA;MG;-20,3185;-42,6047;27379,02
316020;SANTO ANTÔNIO DO ITAMBÉ;MG;-18,4609;-43,3006;17364,73
316030;SANTO ANTÔNIO DO JACINTO;MG;-16,5332;-40,1817;7197,14
316040;SANTO ANTÔNIO DO MONTE;MG;-20,085;-45,2947;5544,57
316045;SANTO ANTÔNIO DO RETIRO;MG;-15,3393;-42,6171;10184,96
316050;SANTO ANTÔNIO DO RIO ABAIXO;MG;-19,2374;-43,2604;11550,98
316060;SANTO HIPÓLITO;MG;-18,2968;-44,2229;26079,68
316070;SANTOS DUMONT;MG;-21,4634;-43,5499;9349,89
316080;SÃO BENTO ABADE;MG;-21,5839;-45,0699;2695,04
316090;SÃO BRÁS DO SUAÇUÍ;MG;-20,6242;-43,9515;11789,4
316095;SÃO DOMINGOS DAS DORES;MG;-19,5246;-42,0106;5903,34
316100;SÃO DOMINGOS DO PRATA;MG;-19,8678;-42,971;64683,46
316105;SÃO FÉLIX DE MINAS;MG;-18,5959;-41,4889;20163,68
316120;SÃO FRANCISCO DE PAULA;MG;-20,7036;-44,9838;1021,03
316130;SÃO FRANCISCO DE SALES;MG;-19,8611;-49,7727;3451,85
316140;SÃO FRANCISCO DO GLÓRIA;MG;-20,7923;-42,2673;3237,39
316150;SÃO GERALDO;MG;-20,9252;-42,8364;4527,68
316160;SÃO GERALDO DA PIEDADE;MG;-18,8411;-42,2867;9832,04
316165;SÃO GERALDO DO BAIXIO;MG;-18,9097;-41,363;1132,38
316170;SÃO GONÇALO DO ABAETÉ;MG;-18,3315;-45,8265;1765,65
316180;SÃO GONÇALO DO PARÁ;MG;-19,9822;-44,8593;5662,33
316190;SÃO GONÇALO DO RIO ABAIXO;MG;-19,8221;-43,366;12573,59
316200;SÃO GONÇALO DO SAPUCAÍ;MG;-21,8932;-45,5893;3862,25
316210;SÃO GOTARDO;MG;-19,3087;-46,0465;4783,95
316220;SÃO JOÃO BATISTA DO GLÓRIA;MG;-20,635;-46,508;5356,48
316225;SÃO JOÃO DA LAGOA;MG;-16,8455;-44,3507;2101,11
316230;SÃO JOÃO DA MATA;MG;-21,928;-45,9297;3561,5
316240;SÃO JOÃO DA PONTE;MG;-15,9271;-44,0096;9284,06
316245;SÃO JOÃO DAS MISSÕES;MG;-14,8859;-44,0922;7696,54
316250;SÃO JOÃO DEL REI;MG;-21,1311;-44,2526;13031,27
316255;SÃO JOÃO DO MANHUAÇU;MG;-20,3933;-42,1533;9139,33
316257;SÃO JOÃO DO MANTENINHA;MG;-18,723;-41,1628;28430,26
316260;SÃO JOÃO DO ORIENTE;MG;-19,3384;-42,1575;595,02
316265;SÃO JOÃO DO PACUÍ;MG;-16,5373;-44,5134;8213,49
316280;SÃO JOÃO EVANGELISTA;MG;-18,548;-42,7655;8405,72
316290;SÃO JOÃO NEPOMUCENO;MG;-21,5381;-43,0069;4052,13
316292;SÃO JOAQUIM DE BICAS;MG;-20,048;-44,2749;1771,96
316294;SÃO JOSÉ DA BARRA;MG;-20,7178;-46,313;5042,3
316295;SÃO JOSÉ DA LAPA;MG;-19,6971;-43,9586;3072,57
316300;SÃO JOSÉ DA SAFIRA;MG;-18,3243;-42,1431;2893,19
316310;SÃO JOSÉ DA VARGINHA;MG;-19,7006;-44,556;6572,52
316320;SÃO JOSÉ DO ALEGRE;MG;-22,3243;-45,5258;7220,63
316340;SÃO JOSÉ DO GOIABAL;MG;-19,9214;-42,7035;51624,52
316350;SÃO JOSÉ DO JACURI;MG;-18,281;-42,6729;4360,5
316360;SÃO JOSÉ DO MANTIMENTO;MG;-20,0058;-41,7486;36464,11
316370;SÃO LOURENÇO;MG;-22,1166;-45,0506;13105,71
316380;SÃO MIGUEL DO ANTA;MG;-20,7067;-42,7174;3133,39
316390;SÃO PEDRO DA UNIÃO;MG;-21,131;-46,6123;27449,14
316400;SÃO PEDRO DOS FERROS;MG;-20,1732;-42,5251;50063,41
316410;SÃO PEDRO DO SUAÇUÍ;MG;-18,3609;-42,5981;21565,36
316420;SÃO ROMÃO;MG;-16,3641;-45,0749;7081,33
316430;SÃO ROQUE DE MINAS;MG;-20,249;-46,3639;3645,15
316440;SÃO SEBASTIÃO DA BELA VISTA;MG;-22,1583;-45,7546;3559,86
316443;SÃO SEBASTIÃO DA VARGEM ALEGRE;MG;-19,7477;-43,3679;14115,77
316447;SÃO SEBASTIÃO DO ANTA;MG;-19,5064;-41,985;7014,38
316450;SÃO SEBASTIÃO DO MARANHÃO;MG;-18,0873;-42,5659;2711,5
316460;SÃO SEBASTIÃO DO OESTE;MG;-20,2758;-45,0063;6837,63
316470;SÃO SEBASTIÃO DO PARAÍSO;MG;-20,9167;-46,9837;6226,24
316480;SÃO SEBASTIÃO DO RIO PRETO;MG;-19,2959;-43,1757;28832,75
316490;SÃO SEBASTIÃO DO RIO VERDE;MG;-22,2183;-44,9761;108886,38
316500;SÃO TIAGO;MG;-20,9075;-44,5098;2417,91
316510;SÃO TOMÁS DE AQUINO;MG;-20,7791;-47,0962;2501,06
316530;SÃO VICENTE DE MINAS;MG;-21,7042;-44,4431;4380,31
316540;SAPUCAÍ-MIRIM;MG;-22,7409;-45,738;6897
316550;SARDOÁ;MG;-18,7828;-42,3629;27560,74
316553;SARZEDO;MG;-20,0367;-44,1446;4859,46
316555;SETUBINHA;MG;-17,6002;-42,1587;9119,16
316556;SEM-PEIXE;MG;-20,1008;-42,8483;46393,4
316557;SENADOR AMARAL;MG;-22,5869;-46,1763;15592,43
316560;SENADOR CORTES;MG;-21,7986;-42,9424;15642,46
316570;SENADOR FIRMINO;MG;-20,9158;-43,0904;55241,1
316580;SENADOR JOSÉ BENTO;MG;-22,1633;-46,1792;115632,44
316590;SENADOR MODESTINO GONÇALVES;MG;-17,9465;-43,2172;9505,24
316600;SENHORA DE OLIVEIRA;MG;-20,7972;-43,3394;32944,5
316610;SENHORA DO PORTO;MG;-18,8909;-43,0799;31824,44
316620;SENHORA DOS REMÉDIOS;MG;-21,0351;-43,5812;7778,73
316630;SERICITA;MG;-20,4748;-42,4828;1129,13
316640;SERITINGA;MG;-21,9134;-44,518;6587,74
316650;SERRA AZUL DE MINAS;MG;-18,3602;-43,1675;4573,84
316660;SERRA DA SAUDADE;MG;-19,4447;-45,795;2225,73
316670;SERRA DOS AIMORÉS;MG;-17,7872;-40,2453;2298,03
316680;SERRA DO SALITRE;MG;-19,1083;-46,6961;9346,92
316690;SERRANIA;MG;-21,5441;-46,0417;1032,26
316695;SERRANÓPOLIS DE MINAS;MG;-15,8176;-42,8732;31264,03
316700;SERRANOS;MG;-21,8857;-44,5125;9857,96
316710;SERRO;MG;-18,5991;-43,3744;7958,19
316720;SETE LAGOAS;MG;-19,4569;-44,2413;10230,01
316730;SILVEIRÂNIA;MG;-21,1615;-43,2128;22454,96
316740;SILVIANÓPOLIS;MG;-22,0274;-45,8385;137373,34
316750;SIMÃO PEREIRA;MG;-21,964;-43,3088;5948,17
316760;SIMONÉSIA;MG;-20,1341;-42,0091;88661,15
316770;SOBRÁLIA;MG;-19,2345;-42,0998;44555,75
316780;SOLEDADE DE MINAS;MG;-22,0554;-45,0464;5946,47
316790;TABULEIRO;MG;-21,3632;-43,2381;64771,09
316800;TAIOBEIRAS;MG;-15,8106;-42,2259;8770,22
316805;TAPARUBA;MG;-19,7621;-41,608;39336,93
316810;TAPIRA;MG;-19,9166;-46,8264;4713,01
316820;TAPIRAÍ;MG;-19,8936;-46,0221;22066,11
316830;TAQUARAÇU DE MINAS;MG;-19,6652;-43,6922;4150,89
316840;TARUMIRIM;MG;-19,2835;-42,0097;35602,65
316850;TEIXEIRAS;MG;-20,6561;-42,8564;27890,39
316860;TEÓFILO OTONI;MG;-17,8595;-41,5087;12362,64
316870;TIMÓTEO;MG;-19,5811;-42,6471;5626,46
316880;TIRADENTES;MG;-21,1102;-44,1744;13035,34
316890;TIROS;MG;-19,0037;-45,9626;56247,85
316900;TOCANTINS;MG;-21,1774;-43,0127;2686,1
316905;TOCOS DO MOJI;MG;-22,3698;-46,0971;5565,49
316910;TOLEDO;MG;-22,7421;-46,3728;7503,56
316920;TOMBOS;MG;-20,9086;-42,0228;71607,66
316930;TRÊS CORAÇÕES;MG;-21,6921;-45,2511;6665,26
316935;TRÊS MARIAS;MG;-18,2048;-45,2473;11508,31
316940;TRÊS PONTAS;MG;-21,3694;-45,5109;4461,56
316950;TUMIRITINGA;MG;-18,9844;-41,6527;2081,16
316960;TUPACIGUARA;MG;-18,5866;-48,6985;43283,15
316970;TURMALINA;MG;-17,2828;-42,7285;9025,84
316980;TURVOLÂNDIA;MG;-21,8733;-45,7859;1015,47
316990;UBÁ;MG;-21,1204;-42,9359;2535,77
317000;UBAÍ;MG;-16,2885;-44,7783;2249,36
317005;UBAPORANGA;MG;-19,6351;-42,1059;461,74
317010;UBERABA;MG;-19,7472;-47,9381;5499,37
317020;UBERLÂNDIA;MG;-18,9141;-48,2749;4978,83
317030;UMBURATIBA;MG;-17,2548;-40,5779;4085,46
317040;UNAÍ;MG;-16,3592;-46,9022;6929,99
317043;UNIÃO DE MINAS;MG;-19,5299;-50,338;10956,43
317047;URUANA DE MINAS;MG;-16,0634;-46,2443;34194,51
317050;URUCÂNIA;MG;-20,3521;-42,737;2873,49
317052;URUCUIA;MG;-16,1244;-45,7352;6349,43
317057;VARGEM ALEGRE;MG;-19,5988;-42,2949;4111,35
317060;VARGEM BONITA;MG;-20,3333;-46,3688;7129,49
317065;VARGEM GRANDE DO RIO PARDO;MG;-15,3987;-42,3085;3081,1
317070;VARGINHA;MG;-21,5556;-45,4364;4830,5
317075;VARJÃO DE MINAS;MG;-18,3741;-46,0313;2435,5
317080;VÁRZEA DA PALMA;MG;-17,5944;-44,7226;3220,46
317090;VARZELÂNDIA;MG;-15,6992;-44,0278;8161,85
317100;VAZANTE;MG;-17,9827;-46,9088;3259,57
317103;VERDELÂNDIA;MG;-15,5845;-43,6121;2343,89
317107;VEREDINHA;MG;-17,3974;-42,7307;20591,1
317110;VERÍSSIMO;MG;-19,6657;-48,3118;1581,54
317115;VERMELHO NOVO;MG;-20,0406;-42,2688;38764,26
317120;VESPASIANO;MG;-19,6883;-43,9239;3096,58
317130;VIÇOSA;MG;-20,7559;-42,8742;10198,86
317140;VIEIRAS;MG;-20,867;-42,2401;7064,35
317150;MATHIAS LOBATO;MG;-18,59;-41,9166;6359,37
317160;VIRGEM DA LAPA;MG;-16,807;-42,3431;18217,93
317170;VIRGÍNIA;MG;-22,3264;-45,0965;3271,08
317180;VIRGINÓPOLIS;MG;-18,8154;-42,7015;5588,55
317190;VIRGOLÂNDIA;MG;-18,4738;-42,3067;25372,57
317200;VISCONDE DO RIO BRANCO;MG;-21,0127;-42,8361;2479,47
317210;VOLTA GRANDE;MG;-21,7671;-42,5375;5569,07
317220;WENCESLAU BRAZ;MG;-22,5368;-45,3626;3604,81
320010;AFONSO CLÁUDIO;ES;-20,0778;-41,1261;2934,6
320013;ÁGUIA BRANCA;ES;-18,9846;-40,7437;6818,29
320016;ÁGUA DOCE DO NORTE;ES;-18,5482;-40,9854;8021,69
320020;ALEGRE;ES;-20,758;-41,5382;9275,08
320030;ALFREDO CHAVES;ES;-20,6396;-40,7543;5277,21
320035;ALTO RIO NOVO;ES;-19,0618;-41,0209;32250,87
320040;ANCHIETA;ES;-20,7955;-40,6425;5212,94
320050;APIACÁ;ES;-21,1523;-41,5693;7588,01
320060;ARACRUZ;ES;-19,82;-40,2764;10112,44
320080;BAIXO GUANDU;ES;-19,5213;-41,0109;17519,35
320090;BARRA DE SÃO FRANCISCO;ES;-18,7548;-40,8965;11786,3
320110;BOM JESUS DO NORTE;ES;-21,1173;-41,6731;2915,11
320115;BREJETUBA;ES;-20,1395;-41,2954;2381,94
320120;CACHOEIRO DE ITAPEMIRIM;ES;-20,8462;-41,1198;6468,81
320130;CARIACICA;ES;-20,2632;-40,4165;3670,43
320140;CASTELO;ES;-20,6033;-41,2031;5115
320150;COLATINA;ES;-19,5493;-40,6269;3126,34
320160;CONCEIÇÃO DA BARRA;ES;-18,5883;-39,7362;8278,28
320170;CONCEIÇÃO DO CASTELO;ES;-20,3639;-41,2417;15021,19
320180;DIVINO DE SÃO LOURENÇO;ES;-20,6229;-41,6937;24439,42
320190;DOMINGOS MARTINS;ES;-20,3603;-40,6594;19787,08
320200;DORES DO RIO PRETO;ES;-20,6931;-41,8405;3892,59
320210;ECOPORANGA;ES;-18,3702;-40,836;2215,72
320220;FUNDÃO;ES;-19,937;-40,4078;3735,52
320225;GOVERNADOR LINDENBERG;ES;-19,1864;-40,4473;6598,4
320230;GUAÇUÍ;ES;-20,7668;-41,6734;6184,57
320240;GUARAPARI;ES;-20,6772;-40,5093;6231,1
320245;IBATIBA;ES;-20,2347;-41,5087;2532,9
320250;IBIRAÇU;ES;-19,8366;-40,3732;4346,64
320255;IBITIRAMA;ES;-20,5466;-41,6667;2538,41
320260;ICONHA;ES;-20,7913;-40,8132;1576,23
320265;IRUPI;ES;-20,3501;-41,6444;1654,75
320270;ITAGUAÇU;ES;-19,8018;-40,8601;56885,5
320280;ITAPEMIRIM;ES;-21,0095;-40,8307;4861,89
320290;ITARANA;ES;-19,875;-40,8753;34698,59
320300;IÚNA;ES;-20,3531;-41,5334;8955,66
320305;JAGUARÉ;ES;-18,907;-40,0759;9412,22
320310;JERÔNIMO MONTEIRO;ES;-20,7994;-41,3948;71852
320313;JOÃO NEIVA;ES;-19,7577;-40,386;9788,46
320316;LARANJA DA TERRA;ES;-19,8994;-41,0621;42653,08
320320;LINHARES;ES;-19,3946;-40,0643;2819,59
320330;MANTENÓPOLIS;ES;-18,8594;-41,124;2680,27
320332;MARATAÍZES;ES;-21,0398;-40,8384;5300,95
320334;MARECHAL FLORIANO;ES;-20,4159;-40,67;5906,31
320335;MARILÂNDIA;ES;-19,4114;-40,5456;4107,03
320340;MIMOSO DO SUL;ES;-21,0628;-41,3615;9640,18
320350;MONTANHA;ES;-18,1303;-40,3668;7500,17
320360;MUCURICI;ES;-18,0965;-40,52;11653,56
320370;MUNIZ FREIRE;ES;-20,4652;-41,4156;8870,49
320380;MUQUI;ES;-20,9509;-41,346;5381,62
320390;NOVA VENÉCIA;ES;-18,715;-40,4053;11731,58
320400;PANCAS;ES;-19,2229;-40,8534;5879,29
320405;PEDRO CANÁRIO;ES;-18,3004;-39,9574;3124,29
320410;PINHEIROS;ES;-18,4141;-40,2171;9858,84
320420;PIÚMA;ES;-20,8334;-40,7268;3728,5
320425;PONTO BELO;ES;-18,1253;-40,5458;9080,63
320435;RIO BANANAL;ES;-19,2719;-40,3366;6655,35
320440;RIO NOVO DO SUL;ES;-20,8556;-40,9388;3197,91
320450;SANTA LEOPOLDINA;ES;-20,0999;-40,527;17246,74
320455;SANTA MARIA DE JETIBÁ;ES;-20,0253;-40,7439;3709,83
320460;SANTA TERESA;ES;-19,9363;-40,5979;1910,38
320465;SÃO DOMINGOS DO NORTE;ES;-19,1452;-40,6281;4880,87
320470;SÃO GABRIEL DA PALHA;ES;-19,0182;-40,5365;7789,93
320480;SÃO JOSÉ DO CALÇADO;ES;-21,0274;-41,6636;56427,05
320490;SÃO MATEUS;ES;-18,7214;-39,8579;14632,79
320495;SÃO ROQUE DO CANAÃ;ES;-19,7411;-40,6526;6517,33
320500;SERRA;ES;-20,121;-40,3074;3205,15
320501;SOORETAMA;ES;-19,1897;-40,0974;2552,77
320503;VARGEM ALTA;ES;-20,669;-41,0179;4993,28
320506;VENDA NOVA DO IMIGRANTE;ES;-20,327;-41,1355;5628,78
320515;VILA PAVÃO;ES;-18,6091;-40,609;16835,58
320517;VILA VALÉRIO;ES;-18,9958;-40,3849;3285,46
320520;VILA VELHA;ES;-20,3417;-40,2875;6382,06
320530;VITÓRIA;ES;-20,3155;-40,3128;14677,33
