UF;Cidade;vendas;produtos;itens;venda_total;ticket_medio;mes;cancelada;periodo
MG;Ipanema;1815;42742;80783;415618,22;228,99;202103;FALSO;2021-03-01 00:00:00
MG;Pocrane;213;5044;13679;64652,7;303,53;202103;FALSO;2021-03-01 00:00:00
MG;Taparuba;107;3066;6486;34213,82;319,76;202103;FALSO;2021-03-01 00:00:00
MG;Conceição de Ipanema;124;4172;8636;47041,33;379,37;202103;FALSO;2021-03-01 00:00:00
MG;Santana do Manhuaçu;255;6862;15697;82612,21;323,97;202103;FALSO;2021-03-01 00:00:00
MG;Simonésia;300;7882;15868;81240,91;270,8;202103;FALSO;2021-03-01 00:00:00
MG;Manhuaçu;355;9235;19237;95968,73;270,33;202103;FALSO;2021-03-01 00:00:00
MG;São José do Mantimento;110;3730;8204;46171,39;419,74;202103;FALSO;2021-03-01 00:00:00
MG;Reduto;13;172;880;3126,42;240,49;202103;FALSO;2021-03-01 00:00:00
MG;Aimorés;102;2899;6604;32829,91;321,86;202103;FALSO;2021-03-01 00:00:00
MG;Expedicionário Alício;48;1542;3682;24305,5;506,36;202103;FALSO;2021-03-01 00:00:00
MG;Conceição do Capim;22;537;1525;6954,24;316,1;202103;FALSO;2021-03-01 00:00:00
MG;Resplendor;27;535;1477;6532,73;241,95;202103;FALSO;2021-03-01 00:00:00
MG;Itueta;23;588;1166;5877,62;255,55;202103;FALSO;2021-03-01 00:00:00
MG;Quatituba;26;457;1453;8180,43;314,63;202103;FALSO;2021-03-01 00:00:00
ES;Baixo Guandu;35;771;1773;8696,56;248,47;202103;FALSO;2021-03-01 00:00:00
MG;Caratinga;7;137;457;2336,74;333,82;202103;FALSO;2021-03-01 00:00:00
MG;Piedade de Caratinga;3;72;201;1234,65;411,55;202103;FALSO;2021-03-01 00:00:00
MG;SÃO JOÃO DO JACUTINGA;1;44;72;321,97;321,97;202103;FALSO;2021-03-01 00:00:00
MG;SANTO ANTÔNIO DO MANHUAÇU;46;1041;3183;14603,04;317,46;202103;FALSO;2021-03-01 00:00:00
MG;Penha do Capim;15;460;903;4851,14;323,41;202103;FALSO;2021-03-01 00:00:00
MG;Santa Rita de Minas;2;28;98;334,11;167,06;202103;FALSO;2021-03-01 00:00:00
MG;Manhuaçu;8;237;581;2643,61;330,45;202103;FALSO;2021-03-01 00:00:00
MG;Martins Soares;1;57;93;459,11;459,11;202103;FALSO;2021-03-01 00:00:00
MG;Manhumirim;4;54;103;461,82;115,46;202103;FALSO;2021-03-01 00:00:00
MG;Inhapim;1;3;13;98,34;98,34;202103;FALSO;2021-03-01 00:00:00
MG;Mutum;2;113;165;764,47;382,24;202103;FALSO;2021-03-01 00:00:00
MG;Ipanema;1671;37953;72737;370431,36;221,68;202104;FALSO;2021-04-01 00:00:00
MG;Pocrane;159;3951;10706;49481,17;311,2;202104;FALSO;2021-04-01 00:00:00
MG;Taparuba;93;2929;5917;31015,67;333,5;202104;FALSO;2021-04-01 00:00:00
MG;Conceição de Ipanema;104;3464;7148;37960,86;365,01;202104;FALSO;2021-04-01 00:00:00
MG;Santana do Manhuaçu;211;6187;14180;77082;365,32;202104;FALSO;2021-04-01 00:00:00
MG;Simonésia;236;6627;13526;67779,88;287,2;202104;FALSO;2021-04-01 00:00:00
MG;Manhuaçu;289;7805;17376;80698,98;279,24;202104;FALSO;2021-04-01 00:00:00
MG;São José do Mantimento;104;3321;7724;43242,2;415,79;202104;FALSO;2021-04-01 00:00:00
MG;Reduto;13;243;1162;4695,56;361,2;202104;FALSO;2021-04-01 00:00:00
MG;Aimorés;96;2821;6387;32091,64;334,29;202104;FALSO;2021-04-01 00:00:00
MG;Expedicionário Alício;35;1193;2645;15829,89;452,28;202104;FALSO;2021-04-01 00:00:00
MG;Conceição do Capim;22;527;1361;7244,28;329,29;202104;FALSO;2021-04-01 00:00:00
MG;Resplendor;35;868;2575;9888,83;282,54;202104;FALSO;2021-04-01 00:00:00
MG;Itueta;14;435;814;3211,83;229,42;202104;FALSO;2021-04-01 00:00:00
MG;Quatituba;24;643;1775;9361,08;390,05;202104;FALSO;2021-04-01 00:00:00
ES;Baixo Guandu;29;650;1188;6147,9;212;202104;FALSO;2021-04-01 00:00:00
MG;Caratinga;5;165;488;1965,2;393,04;202104;FALSO;2021-04-01 00:00:00
MG;Piedade de Caratinga;2;87;174;909,57;454,79;202104;FALSO;2021-04-01 00:00:00
MG;SÃO JOÃO DO JACUTINGA;2;60;97;494,3;247,15;202104;FALSO;2021-04-01 00:00:00
MG;SANTO ANTÔNIO DO MANHUAÇU;36;817;2470;11655,78;323,77;202104;FALSO;2021-04-01 00:00:00
MG;Penha do Capim;15;497;871;4949,32;329,95;202104;FALSO;2021-04-01 00:00:00
MG;Santa Rita de Minas;3;18;95;293,81;97,94;202104;FALSO;2021-04-01 00:00:00
MG;Manhuaçu;5;156;395;1866,35;373,27;202104;FALSO;2021-04-01 00:00:00
MG;Martins Soares;1;48;123;475,61;475,61;202104;FALSO;2021-04-01 00:00:00
MG;Manhumirim;3;152;294;1581,34;527,11;202104;FALSO;2021-04-01 00:00:00
MG;Mutum;1;53;98;443,64;443,64;202104;FALSO;2021-04-01 00:00:00
MG;Ipanema;1808;41578;80087;412980,18;228,42;202105;FALSO;2021-05-01 00:00:00
MG;Pocrane;174;3876;10921;52858,88;303,79;202105;FALSO;2021-05-01 00:00:00
MG;Taparuba;93;2980;6246;32808,92;352,78;202105;FALSO;2021-05-01 00:00:00
MG;Conceição de Ipanema;135;4165;9059;49083,58;363,58;202105;FALSO;2021-05-01 00:00:00
MG;Santana do Manhuaçu;231;6694;15585;80605,92;348,94;202105;FALSO;2021-05-01 00:00:00
MG;Simonésia;276;7862;15945;79817,19;289,19;202105;FALSO;2021-05-01 00:00:00
MG;Manhuaçu;304;8053;16682;84449,83;277,8;202105;FALSO;2021-05-01 00:00:00
MG;São José do Mantimento;125;3919;10039;55948,83;447,59;202105;FALSO;2021-05-01 00:00:00
MG;Reduto;15;281;863;4170,44;278,03;202105;FALSO;2021-05-01 00:00:00
MG;Aimorés;92;2755;6359;31435,29;341,69;202105;FALSO;2021-05-01 00:00:00
MG;Expedicionário Alício;35;1007;2406;14388,5;411,1;202105;FALSO;2021-05-01 00:00:00
MG;Conceição do Capim;31;732;1848;10274,93;331,45;202105;FALSO;2021-05-01 00:00:00
MG;Resplendor;34;687;2120;8925,03;262,5;202105;FALSO;2021-05-01 00:00:00
MG;Itueta;13;319;557;2626,84;202,06;202105;FALSO;2021-05-01 00:00:00
MG;Quatituba;29;637;1803;9298,2;320,63;202105;FALSO;2021-05-01 00:00:00
ES;Baixo Guandu;45;706;1781;8671,49;192,7;202105;FALSO;2021-05-01 00:00:00
MG;Caratinga;8;93;556;2302,44;287,81;202105;FALSO;2021-05-01 00:00:00
MG;Piedade de Caratinga;4;38;140;547,56;136,89;202105;FALSO;2021-05-01 00:00:00
MG;SÃO JOÃO DO JACUTINGA;1;30;61;324,05;324,05;202105;FALSO;2021-05-01 00:00:00
MG;SANTO ANTÔNIO DO MANHUAÇU;47;1011;3007;13771,27;293,01;202105;FALSO;2021-05-01 00:00:00
MG;Penha do Capim;12;307;599;3415,06;284,59;202105;FALSO;2021-05-01 00:00:00
MG;Santa Rita de Minas;3;29;108;324,68;108,23;202105;FALSO;2021-05-01 00:00:00
MG;Manhuaçu;5;61;244;1338,95;267,79;202105;FALSO;2021-05-01 00:00:00
MG;Manhumirim;2;108;180;1284,28;642,14;202105;FALSO;2021-05-01 00:00:00
MG;Inhapim;4;140;516;1862,48;465,62;202105;FALSO;2021-05-01 00:00:00
MG;Mutum;1;27;49;221,56;221,56;202105;FALSO;2021-05-01 00:00:00
MG;Ipanema;1939;42540;81926;429484,69;221,5;202106;FALSO;2021-06-01 00:00:00
MG;Pocrane;172;4009;11772;54772,22;318,44;202106;FALSO;2021-06-01 00:00:00
MG;Taparuba;107;3012;6176;34001,99;317,78;202106;FALSO;2021-06-01 00:00:00
MG;Conceição de Ipanema;118;3459;8149;44592,34;377,9;202106;FALSO;2021-06-01 00:00:00
MG;Santana do Manhuaçu;225;6725;14929;79170,19;351,87;202106;FALSO;2021-06-01 00:00:00
MG;Simonésia;289;8129;16822;90721,75;313,92;202106;FALSO;2021-06-01 00:00:00
MG;Manhuaçu;297;7834;17130;88006,9;296,32;202106;FALSO;2021-06-01 00:00:00
MG;São José do Mantimento;123;4087;9458;55959,5;454,96;202106;FALSO;2021-06-01 00:00:00
MG;Reduto;15;287;1224;5108,26;340,55;202106;FALSO;2021-06-01 00:00:00
MG;Aimorés;115;3097;6897;37905,73;329,62;202106;FALSO;2021-06-01 00:00:00
MG;Expedicionário Alício;38;1155;3080;20064,01;528;202106;FALSO;2021-06-01 00:00:00
MG;Conceição do Capim;28;633;1309;8562,75;305,81;202106;FALSO;2021-06-01 00:00:00
MG;Resplendor;55;1220;3357;14748,23;268,15;202106;FALSO;2021-06-01 00:00:00
MG;Itueta;14;271;600;2957,58;211,26;202106;FALSO;2021-06-01 00:00:00
MG;Quatituba;21;500;1795;9342,33;444,87;202106;FALSO;2021-06-01 00:00:00
ES;Baixo Guandu;43;688;1656;7803,89;181,49;202106;FALSO;2021-06-01 00:00:00
MG;Caratinga;11;184;486;2939,53;267,23;202106;FALSO;2021-06-01 00:00:00
MG;Piedade de Caratinga;3;96;223;1329,97;443,32;202106;FALSO;2021-06-01 00:00:00
MG;SÃO JOÃO DO JACUTINGA;1;38;87;482,7;482,7;202106;FALSO;2021-06-01 00:00:00
MG;SANTO ANTÔNIO DO MANHUAÇU;53;1246;3335;17126,83;323,15;202106;FALSO;2021-06-01 00:00:00
MG;Penha do Capim;12;404;807;4327,91;360,66;202106;FALSO;2021-06-01 00:00:00
MG;Santa Rita de Minas;3;28;80;396,78;132,26;202106;FALSO;2021-06-01 00:00:00
MG;Manhuaçu;8;169;510;2544,19;318,02;202106;FALSO;2021-06-01 00:00:00
MG;Martins Soares;2;77;115;613,53;306,77;202106;FALSO;2021-06-01 00:00:00
MG;Manhumirim;1;34;107;271,66;271,66;202106;FALSO;2021-06-01 00:00:00
MG;Inhapim;2;68;93;706,29;353,15;202106;FALSO;2021-06-01 00:00:00
MG;Mutum;1;56;86;429,1;429,1;202106;FALSO;2021-06-01 00:00:00
MG;Ipanema;1715;40052;79522;417067,15;243,19;202107;FALSO;2021-07-01 00:00:00
MG;Pocrane;166;3891;10711;52772,54;317,91;202107;FALSO;2021-07-01 00:00:00
MG;Taparuba;102;2750;5694;31473,34;308,56;202107;FALSO;2021-07-01 00:00:00
MG;Conceição de Ipanema;127;3342;7927;43231,01;340,4;202107;FALSO;2021-07-01 00:00:00
MG;Santana do Manhuaçu;222;5828;13426;70648,17;318,24;202107;FALSO;2021-07-01 00:00:00
MG;Simonésia;295;7991;16446;87123,08;295,33;202107;FALSO;2021-07-01 00:00:00
MG;Manhuaçu;298;7844;17371;91172,03;305,95;202107;FALSO;2021-07-01 00:00:00
MG;São José do Mantimento;113;3669;8743;49876,85;441,39;202107;FALSO;2021-07-01 00:00:00
MG;Reduto;20;406;1565;6075,89;303,79;202107;FALSO;2021-07-01 00:00:00
MG;Aimorés;107;3013;6990;38006,77;355,2;202107;FALSO;2021-07-01 00:00:00
MG;Expedicionário Alício;38;1064;2557;17062,55;449,01;202107;FALSO;2021-07-01 00:00:00
MG;Conceição do Capim;22;567;1379;8160,41;370,93;202107;FALSO;2021-07-01 00:00:00
MG;Resplendor;49;1254;3519;15465,89;315,63;202107;FALSO;2021-07-01 00:00:00
MG;Itueta;18;629;1140;5511,78;306,21;202107;FALSO;2021-07-01 00:00:00
MG;Quatituba;26;748;2517;12977,84;499,15;202107;FALSO;2021-07-01 00:00:00
ES;Baixo Guandu;46;678;1689;8532,63;185,49;202107;FALSO;2021-07-01 00:00:00
MG;Caratinga;7;136;249;1510,43;215,78;202107;FALSO;2021-07-01 00:00:00
MG;SÃO JOÃO DO JACUTINGA;1;20;31;210,67;210,67;202107;FALSO;2021-07-01 00:00:00
MG;SANTO ANTÔNIO DO MANHUAÇU;41;964;3050;14248,85;347,53;202107;FALSO;2021-07-01 00:00:00
MG;Penha do Capim;12;407;759;4450,08;370,84;202107;FALSO;2021-07-01 00:00:00
MG;Santa Rita de Minas;2;20;30;305,68;152,84;202107;FALSO;2021-07-01 00:00:00
MG;Manhuaçu;8;159;446;2137,97;267,25;202107;FALSO;2021-07-01 00:00:00
MG;Martins Soares;1;39;88;360,57;360,57;202107;FALSO;2021-07-01 00:00:00
MG;Manhumirim;3;173;521;2634,91;878,3;202107;FALSO;2021-07-01 00:00:00
MG;Mutum;1;46;67;318,51;318,51;202107;FALSO;2021-07-01 00:00:00
MG;Ipanema;1551;36648;72107;388092,39;250,22;202108;FALSO;2021-08-01 00:00:00
MG;Pocrane;175;4002;11134;54976,17;314,15;202108;FALSO;2021-08-01 00:00:00
MG;Taparuba;98;2692;5701;31283,42;319,22;202108;FALSO;2021-08-01 00:00:00
MG;Conceição de Ipanema;109;3236;7216;42278,27;387,87;202108;FALSO;2021-08-01 00:00:00
MG;Santana do Manhuaçu;222;5753;12674;67940,79;306,04;202108;FALSO;2021-08-01 00:00:00
MG;Simonésia;294;7813;16314;83644,75;284,51;202108;FALSO;2021-08-01 00:00:00
MG;Manhuaçu;285;7016;15335;80700,65;283,16;202108;FALSO;2021-08-01 00:00:00
MG;São José do Mantimento;94;2816;6334;37806,68;402,2;202108;FALSO;2021-08-01 00:00:00
MG;Reduto;20;347;1199;5027,95;251,4;202108;FALSO;2021-08-01 00:00:00
MG;Aimorés;117;3041;6858;36667,71;313,4;202108;FALSO;2021-08-01 00:00:00
MG;Expedicionário Alício;36;1186;2593;16752,15;465,34;202108;FALSO;2021-08-01 00:00:00
MG;Conceição do Capim;34;673;1573;10659,89;313,53;202108;FALSO;2021-08-01 00:00:00
MG;Resplendor;62;1296;3536;16192,7;261,17;202108;FALSO;2021-08-01 00:00:00
MG;Itueta;22;734;1142;6655,72;302,53;202108;FALSO;2021-08-01 00:00:00
MG;Quatituba;32;731;2852;12746,98;398,34;202108;FALSO;2021-08-01 00:00:00
ES;Baixo Guandu;49;772;1944;10526,08;214,82;202108;FALSO;2021-08-01 00:00:00
MG;Caratinga;12;212;720;4101,35;341,78;202108;FALSO;2021-08-01 00:00:00
MG;Piedade de Caratinga;2;85;209;1409,1;704,55;202108;FALSO;2021-08-01 00:00:00
MG;SANTO ANTÔNIO DO MANHUAÇU;38;652;1823;9056,3;238,32;202108;FALSO;2021-08-01 00:00:00
MG;Penha do Capim;15;368;706;4177,54;278,5;202108;FALSO;2021-08-01 00:00:00
MG;Santa Bárbara do Leste;9;24;349;1106,72;122,97;202108;FALSO;2021-08-01 00:00:00
MG;Santa Rita de Minas;1;12;23;109,95;109,95;202108;FALSO;2021-08-01 00:00:00
MG;Manhuaçu;9;168;419;2307,19;256,35;202108;FALSO;2021-08-01 00:00:00
MG;Martins Soares;1;48;103;441,41;441,41;202108;FALSO;2021-08-01 00:00:00
MG;Manhumirim;2;80;237;1270,94;635,47;202108;FALSO;2021-08-01 00:00:00
MG;Ipanema;1601;35343;69034;376952,95;235,45;202109;FALSO;2021-09-01 00:00:00
MG;Pocrane;174;3645;11344;53479,43;307,35;202109;FALSO;2021-09-01 00:00:00
MG;Taparuba;100;2606;5858;32726,63;327,27;202109;FALSO;2021-09-01 00:00:00
MG;Conceição de Ipanema;105;2946;6551;40261,18;383,44;202109;FALSO;2021-09-01 00:00:00
MG;Santana do Manhuaçu;209;5802;12800;68539,26;327,94;202109;FALSO;2021-09-01 00:00:00
MG;Simonésia;287;7673;16079;83602,56;291,3;202109;FALSO;2021-09-01 00:00:00
MG;Manhuaçu;250;6740;14902;80678,95;322,72;202109;FALSO;2021-09-01 00:00:00
MG;São José do Mantimento;91;2673;6491;37542,27;412,55;202109;FALSO;2021-09-01 00:00:00
MG;Reduto;16;372;1150;5336,34;333,52;202109;FALSO;2021-09-01 00:00:00
MG;Aimorés;126;3241;7453;42942,19;340,81;202109;FALSO;2021-09-01 00:00:00
MG;Expedicionário Alício;47;1415;3806;23677,7;503,78;202109;FALSO;2021-09-01 00:00:00
MG;Conceição do Capim;23;608;1416;8924,06;388;202109;FALSO;2021-09-01 00:00:00
MG;Resplendor;62;1120;3365;15777,73;254,48;202109;FALSO;2021-09-01 00:00:00
MG;Itueta;33;1081;2110;9869,77;299,08;202109;FALSO;2021-09-01 00:00:00
MG;Quatituba;38;1135;3704;17827,59;469,15;202109;FALSO;2021-09-01 00:00:00
ES;Baixo Guandu;52;638;1808;9687,83;186,3;202109;FALSO;2021-09-01 00:00:00
MG;Caratinga;7;151;380;2478,3;354,04;202109;FALSO;2021-09-01 00:00:00
MG;Piedade de Caratinga;3;40;101;758,06;252,69;202109;FALSO;2021-09-01 00:00:00
MG;SANTO ANTÔNIO DO MANHUAÇU;43;1046;2839;14422,41;335,4;202109;FALSO;2021-09-01 00:00:00
MG;Penha do Capim;24;497;1048;5698,31;237,43;202109;FALSO;2021-09-01 00:00:00
MG;Santa Bárbara do Leste;11;46;263;1889,36;171,76;202109;FALSO;2021-09-01 00:00:00
MG;Santa Rita de Minas;2;23;51;259,31;129,66;202109;FALSO;2021-09-01 00:00:00
MG;Manhuaçu;7;164;356;1914,26;273,47;202109;FALSO;2021-09-01 00:00:00
MG;Martins Soares;2;59;123;548,99;274,5;202109;FALSO;2021-09-01 00:00:00
MG;Manhumirim;2;56;212;554,66;277,33;202109;FALSO;2021-09-01 00:00:00
MG;Inhapim;2;54;74;631,05;315,53;202109;FALSO;2021-09-01 00:00:00
MG;Ipanema;1697;38464;76429;419609,2;247,27;202110;FALSO;2021-10-01 00:00:00
MG;Pocrane;158;3336;10315;52723,6;333,69;202110;FALSO;2021-10-01 00:00:00
MG;Taparuba;100;2698;5373;30057,46;300,57;202110;FALSO;2021-10-01 00:00:00
MG;Conceição de Ipanema;106;3278;7324;41519,69;391,7;202110;FALSO;2021-10-01 00:00:00
MG;Santana do Manhuaçu;232;6159;14206;73670,88;317,55;202110;FALSO;2021-10-01 00:00:00
MG;Simonésia;274;7613;15581;80297,92;293,06;202110;FALSO;2021-10-01 00:00:00
MG;Manhuaçu;294;7298;17170;83674,41;284,61;202110;FALSO;2021-10-01 00:00:00
MG;São José do Mantimento;92;2667;5961;35926,19;390,5;202110;FALSO;2021-10-01 00:00:00
MG;Reduto;17;377;1237;5054,57;297,33;202110;FALSO;2021-10-01 00:00:00
MG;Aimorés;120;2578;6938;37338,65;311,16;202110;FALSO;2021-10-01 00:00:00
MG;Expedicionário Alício;43;1184;3210;21408,47;497,87;202110;FALSO;2021-10-01 00:00:00
MG;Conceição do Capim;28;567;1260;7649,76;273,21;202110;FALSO;2021-10-01 00:00:00
MG;Resplendor;74;1608;4358;19787,7;267,4;202110;FALSO;2021-10-01 00:00:00
MG;Itueta;28;945;1761;9486,53;338,8;202110;FALSO;2021-10-01 00:00:00
MG;Quatituba;43;1209;3325;18018,63;419,04;202110;FALSO;2021-10-01 00:00:00
ES;Baixo Guandu;48;690;1756;9433;196,52;202110;FALSO;2021-10-01 00:00:00
MG;Caratinga;7;78;212;1990,54;284,36;202110;FALSO;2021-10-01 00:00:00
MG;Piedade de Caratinga;2;40;103;608,32;304,16;202110;FALSO;2021-10-01 00:00:00
MG;SANTO ANTÔNIO DO MANHUAÇU;39;791;2087;10415,55;267,07;202110;FALSO;2021-10-01 00:00:00
MG;Penha do Capim;11;390;846;4518,17;410,74;202110;FALSO;2021-10-01 00:00:00
MG;Santa Bárbara do Leste;17;113;505;4067,42;239,26;202110;FALSO;2021-10-01 00:00:00
MG;Santa Rita de Minas;3;47;147;630,02;210,01;202110;FALSO;2021-10-01 00:00:00
MG;Manhuaçu;9;200;478;2549,07;283,23;202110;FALSO;2021-10-01 00:00:00
MG;Martins Soares;1;50;104;462,33;462,33;202110;FALSO;2021-10-01 00:00:00
MG;Manhumirim;4;155;579;1872,83;468,21;202110;FALSO;2021-10-01 00:00:00
MG;Ipanema;1570;35309;68608;379516,67;241,73;202111;FALSO;2021-11-01 00:00:00
MG;Pocrane;143;2983;9738;45683,6;319,47;202111;FALSO;2021-11-01 00:00:00
MG;Taparuba;102;2749;5796;32747,76;321,06;202111;FALSO;2021-11-01 00:00:00
MG;Conceição de Ipanema;106;3063;6929;39570,13;373,3;202111;FALSO;2021-11-01 00:00:00
MG;Santana do Manhuaçu;188;5354;11663;59964,18;318,96;202111;FALSO;2021-11-01 00:00:00
MG;Simonésia;245;6539;13525;71678;292,56;202111;FALSO;2021-11-01 00:00:00
MG;Manhuaçu;183;4468;9749;50625,8;276,64;202111;FALSO;2021-11-01 00:00:00
MG;São José do Mantimento;74;2220;5259;30602,91;413,55;202111;FALSO;2021-11-01 00:00:00
MG;Reduto;13;243;1062;3774,77;290,37;202111;FALSO;2021-11-01 00:00:00
MG;Aimorés;121;3033;7865;43615,35;360,46;202111;FALSO;2021-11-01 00:00:00
MG;Expedicionário Alício;41;1166;2954;18204,28;444,01;202111;FALSO;2021-11-01 00:00:00
MG;Conceição do Capim;31;546;1040;7623,36;245,91;202111;FALSO;2021-11-01 00:00:00
MG;Resplendor;76;1546;4092;20635,96;271,53;202111;FALSO;2021-11-01 00:00:00
MG;Itueta;32;1012;1980;10464,61;327,02;202111;FALSO;2021-11-01 00:00:00
MG;Quatituba;41;1080;2713;14700,16;358,54;202111;FALSO;2021-11-01 00:00:00
ES;Baixo Guandu;53;617;1648;9225,42;174,06;202111;FALSO;2021-11-01 00:00:00
MG;Caratinga;10;125;473;3279,73;327,97;202111;FALSO;2021-11-01 00:00:00
MG;Piedade de Caratinga;2;49;112;724,39;362,2;202111;FALSO;2021-11-01 00:00:00
MG;SANTO ANTÔNIO DO MANHUAÇU;34;834;2020;12049,09;354,39;202111;FALSO;2021-11-01 00:00:00
MG;Penha do Capim;20;510;957;6406,97;320,35;202111;FALSO;2021-11-01 00:00:00
MG;Santa Bárbara do Leste;11;66;387;2886,62;262,42;202111;FALSO;2021-11-01 00:00:00
MG;Santa Rita de Minas;4;65;198;908,71;227,18;202111;FALSO;2021-11-01 00:00:00
MG;Manhuaçu;6;238;468;2751,55;458,59;202111;FALSO;2021-11-01 00:00:00
MG;Martins Soares;2;41;108;508,69;254,35;202111;FALSO;2021-11-01 00:00:00
MG;Manhumirim;6;166;656;2487,78;414,63;202111;FALSO;2021-11-01 00:00:00
MG;Ipanema;1775;38343;75493;430998,25;242,82;202112;FALSO;2021-12-01 00:00:00
MG;Pocrane;175;3942;13936;68004,62;388,6;202112;FALSO;2021-12-01 00:00:00
MG;Taparuba;110;3094;6303;35971,83;327,02;202112;FALSO;2021-12-01 00:00:00
MG;Conceição de Ipanema;109;3293;7511;44112,77;404,7;202112;FALSO;2021-12-01 00:00:00
MG;Santana do Manhuaçu;222;6322;13618;75876,92;341,79;202112;FALSO;2021-12-01 00:00:00
MG;Simonésia;257;7402;14648;77225,76;300,49;202112;FALSO;2021-12-01 00:00:00
MG;Manhuaçu;161;3974;9793;53371,25;331,5;202112;FALSO;2021-12-01 00:00:00
MG;São José do Mantimento;88;2815;6133;37101,5;421,61;202112;FALSO;2021-12-01 00:00:00
MG;Reduto;13;245;1126;3956,47;304,34;202112;FALSO;2021-12-01 00:00:00
MG;Aimorés;118;2919;7361;40863,52;346,3;202112;FALSO;2021-12-01 00:00:00
MG;Expedicionário Alício;60;1709;4651;28530,77;475,51;202112;FALSO;2021-12-01 00:00:00
MG;Conceição do Capim;28;639;1523;9843,34;351,55;202112;FALSO;2021-12-01 00:00:00
MG;Resplendor;68;1590;4519;25671,38;377,52;202112;FALSO;2021-12-01 00:00:00
MG;Itueta;34;1143;1993;12548,77;369,08;202112;FALSO;2021-12-01 00:00:00
MG;Quatituba;42;1206;3072;18340,42;436,68;202112;FALSO;2021-12-01 00:00:00
ES;Baixo Guandu;52;797;2058;12700,35;244,24;202112;FALSO;2021-12-01 00:00:00
MG;Caratinga;7;57;310;2495,31;356,47;202112;FALSO;2021-12-01 00:00:00
MG;Piedade de Caratinga;2;65;133;760,75;380,38;202112;FALSO;2021-12-01 00:00:00
MG;SANTO ANTÔNIO DO MANHUAÇU;37;832;2448;12842,59;347,1;202112;FALSO;2021-12-01 00:00:00
MG;Penha do Capim;22;585;1238;8000,66;363,67;202112;FALSO;2021-12-01 00:00:00
MG;Santa Bárbara do Leste;7;82;492;2104,9;300,7;202112;FALSO;2021-12-01 00:00:00
MG;Santa Rita de Minas;3;70;182;786,25;262,08;202112;FALSO;2021-12-01 00:00:00
MG;Manhuaçu;2;71;128;648,53;324,27;202112;FALSO;2021-12-01 00:00:00
MG;Martins Soares;2;38;104;450,75;225,38;202112;FALSO;2021-12-01 00:00:00
MG;Manhumirim;4;82;312;763,35;190,84;202112;FALSO;2021-12-01 00:00:00
MG;Ipanema;1694;38553;76331;418279,2;246,92;202201;FALSO;2022-01-01 00:00:00
MG;Pocrane;160;3462;11444;56039,8;350,25;202201;FALSO;2022-01-01 00:00:00
MG;Taparuba;89;2664;5900;31682,53;355,98;202201;FALSO;2022-01-01 00:00:00
MG;Conceição de Ipanema;101;3044;6438;39751,89;393,58;202201;FALSO;2022-01-01 00:00:00
MG;Santana do Manhuaçu;177;4925;10866;57964,78;327,48;202201;FALSO;2022-01-01 00:00:00
MG;Simonésia;243;6702;13272;70223,11;288,98;202201;FALSO;2022-01-01 00:00:00
MG;Manhuaçu;205;5220;12280;65973,39;321,82;202201;FALSO;2022-01-01 00:00:00
MG;São José do Mantimento;75;2225;4991;31057,56;414,1;202201;FALSO;2022-01-01 00:00:00
MG;Reduto;10;186;807;2869,08;286,91;202201;FALSO;2022-01-01 00:00:00
MG;Aimorés;127;2886;9153;48659,87;383,15;202201;FALSO;2022-01-01 00:00:00
MG;Expedicionário Alício;52;1566;4693;26788,59;515,17;202201;FALSO;2022-01-01 00:00:00
MG;Conceição do Capim;34;786;1693;10838,31;318,77;202201;FALSO;2022-01-01 00:00:00
MG;Resplendor;77;1616;4503;21486,89;279,05;202201;FALSO;2022-01-01 00:00:00
MG;Itueta;30;889;1793;10661,81;355,39;202201;FALSO;2022-01-01 00:00:00
MG;Quatituba;33;925;2399;12870,58;390,02;202201;FALSO;2022-01-01 00:00:00
ES;Baixo Guandu;62;913;2241;13892,6;224,07;202201;FALSO;2022-01-01 00:00:00
MG;Caratinga;7;139;607;3156,59;450,94;202201;FALSO;2022-01-01 00:00:00
MG;Piedade de Caratinga;3;36;103;730,13;243,38;202201;FALSO;2022-01-01 00:00:00
MG;SÃO JOÃO DO JACUTINGA;1;14;19;131,85;131,85;202201;FALSO;2022-01-01 00:00:00
MG;SANTO ANTÔNIO DO MANHUAÇU;35;879;2479;12864,33;367,55;202201;FALSO;2022-01-01 00:00:00
MG;Penha do Capim;22;580;1294;6927,85;314,9;202201;FALSO;2022-01-01 00:00:00
MG;Santa Bárbara do Leste;4;14;54;521,63;130,41;202201;FALSO;2022-01-01 00:00:00
MG;Santa Rita de Minas;1;13;31;149,95;149,95;202201;FALSO;2022-01-01 00:00:00
MG;Manhuaçu;4;53;225;1755,96;438,99;202201;FALSO;2022-01-01 00:00:00
MG;Martins Soares;1;45;85;411,34;411,34;202201;FALSO;2022-01-01 00:00:00
MG;Manhumirim;5;67;299;972,45;194,49;202201;FALSO;2022-01-01 00:00:00
MG;Inhapim;1;58;64;472,78;472,78;202201;FALSO;2022-01-01 00:00:00
MG;Ipanema;1603;35968;71195;387342,2;241,64;202202;FALSO;2022-02-01 00:00:00
MG;Pocrane;157;3084;11111;54957,03;350,04;202202;FALSO;2022-02-01 00:00:00
MG;Taparuba;120;3280;6895;39671,54;330,6;202202;FALSO;2022-02-01 00:00:00
MG;Conceição de Ipanema;127;3968;9085;54381,34;428,2;202202;FALSO;2022-02-01 00:00:00
MG;Santana do Manhuaçu;191;5720;11803;67328,48;352,51;202202;FALSO;2022-02-01 00:00:00
MG;Simonésia;265;7756;15440;82467,33;311,2;202202;FALSO;2022-02-01 00:00:00
MG;Manhuaçu;181;4679;11806;66019,95;364,75;202202;FALSO;2022-02-01 00:00:00
MG;São José do Mantimento;68;2119;4738;29881,17;439,43;202202;FALSO;2022-02-01 00:00:00
MG;Reduto;11;249;978;3379,12;307,19;202202;FALSO;2022-02-01 00:00:00
MG;Aimorés;129;3138;8251;40885,04;316,94;202202;FALSO;2022-02-01 00:00:00
MG;Expedicionário Alício;64;1612;4272;26091,99;407,69;202202;FALSO;2022-02-01 00:00:00
MG;Conceição do Capim;41;914;2175;14415,83;351,61;202202;FALSO;2022-02-01 00:00:00
MG;Resplendor;76;1898;4542;23068,7;303,54;202202;FALSO;2022-02-01 00:00:00
MG;Itueta;26;885;1617;9743,26;374,74;202202;FALSO;2022-02-01 00:00:00
MG;Quatituba;33;698;2157;11527,83;349,33;202202;FALSO;2022-02-01 00:00:00
ES;Baixo Guandu;64;918;2320;13945,98;217,91;202202;FALSO;2022-02-01 00:00:00
MG;Caratinga;8;157;549;3598,83;449,85;202202;FALSO;2022-02-01 00:00:00
MG;Piedade de Caratinga;3;84;225;1586,19;528,73;202202;FALSO;2022-02-01 00:00:00
MG;SANTO ANTÔNIO DO MANHUAÇU;32;642;1870;9516,7;297,4;202202;FALSO;2022-02-01 00:00:00
MG;Penha do Capim;16;352;748;4405,14;275,32;202202;FALSO;2022-02-01 00:00:00
MG;Santa Bárbara do Leste;5;17;175;2160,51;432,1;202202;FALSO;2022-02-01 00:00:00
MG;Santa Rita de Minas;2;29;112;398,33;199,17;202202;FALSO;2022-02-01 00:00:00
MG;Manhuaçu;6;168;299;1805,82;300,97;202202;FALSO;2022-02-01 00:00:00
MG;Martins Soares;1;17;62;191,51;191,51;202202;FALSO;2022-02-01 00:00:00
MG;Manhumirim;5;172;524;1998,13;399,63;202202;FALSO;2022-02-01 00:00:00
MG;Ipanema;1670;35807;72580;409355,3;245,12;202203;FALSO;2022-03-01 00:00:00
MG;Pocrane;169;3754;11103;56497,47;334,3;202203;FALSO;2022-03-01 00:00:00
MG;Taparuba;126;3095;7478;48100,02;381,75;202203;FALSO;2022-03-01 00:00:00
MG;Conceição de Ipanema;119;3648;7948;48801,92;410,1;202203;FALSO;2022-03-01 00:00:00
MG;Santana do Manhuaçu;198;5040;12104;67247,79;339,64;202203;FALSO;2022-03-01 00:00:00
MG;Simonésia;307;7930;18210;99474,77;324,02;202203;FALSO;2022-03-01 00:00:00
MG;Manhuaçu;194;4630;10710;63426,23;326,94;202203;FALSO;2022-03-01 00:00:00
MG;São José do Mantimento;81;2839;6019;37387,71;461,58;202203;FALSO;2022-03-01 00:00:00
MG;Reduto;9;190;866;2438,93;270,99;202203;FALSO;2022-03-01 00:00:00
MG;Aimorés;161;4240;10792;57302,06;355,91;202203;FALSO;2022-03-01 00:00:00
MG;Expedicionário Alício;67;1677;4885;32355,67;482,92;202203;FALSO;2022-03-01 00:00:00
MG;Conceição do Capim;37;812;1830;13743,3;371,44;202203;FALSO;2022-03-01 00:00:00
MG;Resplendor;105;2544;6236;33571,69;319,73;202203;FALSO;2022-03-01 00:00:00
MG;Itueta;33;1039;2021;12097,81;366,6;202203;FALSO;2022-03-01 00:00:00
MG;Quatituba;46;942;2908;14008,36;304,53;202203;FALSO;2022-03-01 00:00:00
ES;Baixo Guandu;86;1511;4020;22796,78;265,08;202203;FALSO;2022-03-01 00:00:00
MG;Caratinga;7;135;579;2441,33;348,76;202203;FALSO;2022-03-01 00:00:00
MG;Piedade de Caratinga;5;73;175;986,98;197,4;202203;FALSO;2022-03-01 00:00:00
MG;SANTO ANTÔNIO DO MANHUAÇU;51;1049;3105;18675,64;366,19;202203;FALSO;2022-03-01 00:00:00
MG;Penha do Capim;29;670;1522;10459,15;360,66;202203;FALSO;2022-03-01 00:00:00
MG;Santa Bárbara do Leste;7;22;301;722,06;103,15;202203;FALSO;2022-03-01 00:00:00
MG;Santa Rita de Minas;2;39;102;564,11;282,06;202203;FALSO;2022-03-01 00:00:00
MG;Manhuaçu;3;69;153;1020,22;340,07;202203;FALSO;2022-03-01 00:00:00
MG;Martins Soares;2;75;162;699,72;349,86;202203;FALSO;2022-03-01 00:00:00
MG;Manhumirim;8;198;679;3662,32;457,79;202203;FALSO;2022-03-01 00:00:00
MG;Inhapim;2;46;51;431,46;215,73;202203;FALSO;2022-03-01 00:00:00
MG;Ipanema;1613;36111;72194;426195,96;264,23;202204;FALSO;2022-04-01 00:00:00
MG;Pocrane;157;3233;10413;56194,8;357,93;202204;FALSO;2022-04-01 00:00:00
MG;Taparuba;120;3536;6915;44749,57;372,91;202204;FALSO;2022-04-01 00:00:00
MG;Conceição de Ipanema;107;3251;6736;43754,91;408,92;202204;FALSO;2022-04-01 00:00:00
MG;Santana do Manhuaçu;198;5527;12263;71958,87;363,43;202204;FALSO;2022-04-01 00:00:00
MG;Simonésia;279;7638;16793;94654,16;339,26;202204;FALSO;2022-04-01 00:00:00
MG;Manhuaçu;157;4330;8848;51818,02;330,05;202204;FALSO;2022-04-01 00:00:00
MG;São José do Mantimento;68;2458;5062;35139,15;516,75;202204;FALSO;2022-04-01 00:00:00
MG;Reduto;6;146;692;2119,78;353,3;202204;FALSO;2022-04-01 00:00:00
MG;Aimorés;145;3817;9844;55231,33;380,91;202204;FALSO;2022-04-01 00:00:00
MG;Expedicionário Alício;61;1501;4878;30839,41;505,56;202204;FALSO;2022-04-01 00:00:00
MG;Conceição do Capim;41;1072;2118;15612,77;380,8;202204;FALSO;2022-04-01 00:00:00
MG;Resplendor;91;1969;4943;27027,71;297,01;202204;FALSO;2022-04-01 00:00:00
MG;Itueta;38;1122;2000;11761,3;309,51;202204;FALSO;2022-04-01 00:00:00
MG;Quatituba;42;1040;2717;16155,73;384,66;202204;FALSO;2022-04-01 00:00:00
ES;Baixo Guandu;69;1444;3549;19903,21;288,45;202204;FALSO;2022-04-01 00:00:00
MG;Caratinga;8;80;222;1739,01;217,38;202204;FALSO;2022-04-01 00:00:00
MG;Piedade de Caratinga;4;66;162;1277,97;319,49;202204;FALSO;2022-04-01 00:00:00
MG;SÃO JOÃO DO JACUTINGA;1;50;167;881,34;881,34;202204;FALSO;2022-04-01 00:00:00
MG;SANTO ANTÔNIO DO MANHUAÇU;43;930;2706;15535,68;361,29;202204;FALSO;2022-04-01 00:00:00
MG;Penha do Capim;25;792;1690;10524,69;420,99;202204;FALSO;2022-04-01 00:00:00
MG;Santa Bárbara do Leste;5;21;126;404,12;80,82;202204;FALSO;2022-04-01 00:00:00
MG;Santa Rita de Minas;2;40;119;548,1;274,05;202204;FALSO;2022-04-01 00:00:00
MG;Manhuaçu;2;54;162;904,17;452,09;202204;FALSO;2022-04-01 00:00:00
MG;Martins Soares;1;58;133;667,75;667,75;202204;FALSO;2022-04-01 00:00:00
MG;Manhumirim;2;32;122;347,41;173,71;202204;FALSO;2022-04-01 00:00:00
MG;Inhapim;1;5;12;158,23;158,23;202204;FALSO;2022-04-01 00:00:00
MG;Ipanema;1557;34184;69866;421077,23;270,44;202205;FALSO;2022-05-01 00:00:00
MG;Pocrane;169;3635;10505;59286,81;350,81;202205;FALSO;2022-05-01 00:00:00
MG;Taparuba;93;2726;5573;36513,13;392,61;202205;FALSO;2022-05-01 00:00:00
MG;Conceição de Ipanema;119;3779;7891;52160,23;438,32;202205;FALSO;2022-05-01 00:00:00
MG;Santana do Manhuaçu;185;5557;12139;76441,16;413,2;202205;FALSO;2022-05-01 00:00:00
MG;Simonésia;317;8460;18064;103158,71;325,42;202205;FALSO;2022-05-01 00:00:00
MG;Manhuaçu;188;4397;9590;58716,88;312,32;202205;FALSO;2022-05-01 00:00:00
MG;São José do Mantimento;54;2016;4140;29453,67;545,44;202205;FALSO;2022-05-01 00:00:00
MG;Reduto;12;218;941;3591,68;299,31;202205;FALSO;2022-05-01 00:00:00
MG;Aimorés;141;3626;8501;52409,24;371,7;202205;FALSO;2022-05-01 00:00:00
MG;Expedicionário Alício;68;1943;5433;38553,59;566,96;202205;FALSO;2022-05-01 00:00:00
MG;Conceição do Capim;42;1004;2026;15681,3;373,36;202205;FALSO;2022-05-01 00:00:00
MG;Resplendor;100;2414;6008;33685,09;336,85;202205;FALSO;2022-05-01 00:00:00
MG;Itueta;39;1352;2382;15392,58;394,68;202205;FALSO;2022-05-01 00:00:00
MG;Quatituba;42;991;2941;16447,58;391,61;202205;FALSO;2022-05-01 00:00:00
ES;Baixo Guandu;66;1263;3220;18703,53;283,39;202205;FALSO;2022-05-01 00:00:00
MG;Caratinga;3;82;286;1599,18;533,06;202205;FALSO;2022-05-01 00:00:00
MG;Piedade de Caratinga;8;135;289;1826,54;228,32;202205;FALSO;2022-05-01 00:00:00
MG;SÃO JOÃO DO JACUTINGA;1;66;122;688,17;688,17;202205;FALSO;2022-05-01 00:00:00
MG;SANTO ANTÔNIO DO MANHUAÇU;54;1108;2921;17875,84;331,03;202205;FALSO;2022-05-01 00:00:00
MG;Penha do Capim;28;815;1877;12422,28;443,65;202205;FALSO;2022-05-01 00:00:00
MG;Santa Bárbara do Leste;7;23;249;511,03;73;202205;FALSO;2022-05-01 00:00:00
MG;Santa Rita de Minas;4;76;228;1146,42;286,61;202205;FALSO;2022-05-01 00:00:00
MG;Manhuaçu;1;31;70;469,91;469,91;202205;FALSO;2022-05-01 00:00:00
MG;Martins Soares;1;36;75;223,3;223,3;202205;FALSO;2022-05-01 00:00:00
MG;Manhumirim;1;75;188;1017,13;1017,13;202205;FALSO;2022-05-01 00:00:00
MG;Ipanema;1544;35371;68117;440387,51;285,23;202206;FALSO;2022-06-01 00:00:00
MG;Pocrane;159;3534;10733;60956,37;383,37;202206;FALSO;2022-06-01 00:00:00
MG;Taparuba;94;2882;6278;40607,51;431,99;202206;FALSO;2022-06-01 00:00:00
MG;Conceição de Ipanema;114;3413;7730;50687,25;444,63;202206;FALSO;2022-06-01 00:00:00
MG;Santana do Manhuaçu;194;5296;11422;75672,79;390,07;202206;FALSO;2022-06-01 00:00:00
MG;Simonésia;308;8448;17125;105921,19;343,9;202206;FALSO;2022-06-01 00:00:00
MG;Manhuaçu;172;4127;9219;58545,43;340,38;202206;FALSO;2022-06-01 00:00:00
MG;São José do Mantimento;63;2252;4657;34224,52;543,25;202206;FALSO;2022-06-01 00:00:00
MG;Reduto;11;292;945;4638,07;421,64;202206;FALSO;2022-06-01 00:00:00
MG;Aimorés;137;3684;8720;52596,06;383,91;202206;FALSO;2022-06-01 00:00:00
MG;Expedicionário Alício;61;1835;4959;33989,81;557,21;202206;FALSO;2022-06-01 00:00:00
MG;Conceição do Capim;29;801;1677;11756,14;405,38;202206;FALSO;2022-06-01 00:00:00
MG;Resplendor;106;2748;6724;38729,13;365,37;202206;FALSO;2022-06-01 00:00:00
MG;Itueta;39;1243;2224;14722,56;377,5;202206;FALSO;2022-06-01 00:00:00
MG;Quatituba;46;1165;3258;18248,94;396,72;202206;FALSO;2022-06-01 00:00:00
ES;Baixo Guandu;72;1500;3443;20784,19;288,67;202206;FALSO;2022-06-01 00:00:00
MG;Caratinga;22;228;727;4472,54;203,3;202206;FALSO;2022-06-01 00:00:00
MG;Piedade de Caratinga;16;222;816;4153,46;259,59;202206;FALSO;2022-06-01 00:00:00
MG;SÃO JOÃO DO JACUTINGA;4;146;310;1846,24;461,56;202206;FALSO;2022-06-01 00:00:00
MG;SANTO ANTÔNIO DO MANHUAÇU;40;1000;3040;18684,88;467,12;202206;FALSO;2022-06-01 00:00:00
MG;Penha do Capim;25;668;1425;9104,24;364,17;202206;FALSO;2022-06-01 00:00:00
MG;Santa Bárbara do Leste;7;23;154;465,47;66,5;202206;FALSO;2022-06-01 00:00:00
MG;Santa Rita de Minas;3;82;223;1235,24;411,75;202206;FALSO;2022-06-01 00:00:00
MG;Manhuaçu;2;53;104;705,64;352,82;202206;FALSO;2022-06-01 00:00:00
MG;Martins Soares;1;27;67;257,97;257,97;202206;FALSO;2022-06-01 00:00:00
MG;Manhumirim;2;144;333;2375,13;1187,57;202206;FALSO;2022-06-01 00:00:00
MG;Ubaporanga;1;37;58;439,84;439,84;202206;FALSO;2022-06-01 00:00:00
MG;Ipanema;1567;35210;70392;449528,07;286,87;202207;FALSO;2022-07-01 00:00:00
MG;Pocrane;181;3874;12329;73585,93;406,55;202207;FALSO;2022-07-01 00:00:00
MG;Taparuba;97;2922;5922;39319,86;405,36;202207;FALSO;2022-07-01 00:00:00
MG;Conceição de Ipanema;122;3586;7447;52054,44;426,68;202207;FALSO;2022-07-01 00:00:00
MG;Santana do Manhuaçu;187;4938;11539;72024,09;385,16;202207;FALSO;2022-07-01 00:00:00
MG;Simonésia;300;8158;16720;102434,68;341,45;202207;FALSO;2022-07-01 00:00:00
MG;Manhuaçu;160;3840;8698;53343,62;333,4;202207;FALSO;2022-07-01 00:00:00
MG;São José do Mantimento;78;2662;5603;39620,55;507,96;202207;FALSO;2022-07-01 00:00:00
MG;Reduto;15;328;1208;5362,48;357,5;202207;FALSO;2022-07-01 00:00:00
MG;Aimorés;143;3737;8985;52742,84;368,83;202207;FALSO;2022-07-01 00:00:00
MG;Expedicionário Alício;58;1719;4867;31010,42;534,66;202207;FALSO;2022-07-01 00:00:00
MG;Conceição do Capim;29;951;1993;14303,73;493,23;202207;FALSO;2022-07-01 00:00:00
MG;Resplendor;117;2587;6393;37292,03;318,74;202207;FALSO;2022-07-01 00:00:00
MG;Itueta;62;1690;3225;22757,43;367,06;202207;FALSO;2022-07-01 00:00:00
MG;Quatituba;53;1064;3212;19682;371,36;202207;FALSO;2022-07-01 00:00:00
ES;Baixo Guandu;75;1256;3624;19363,74;258,18;202207;FALSO;2022-07-01 00:00:00
MG;Caratinga;14;209;495;2677,65;191,26;202207;FALSO;2022-07-01 00:00:00
MG;Piedade de Caratinga;9;89;335;1766,78;196,31;202207;FALSO;2022-07-01 00:00:00
MG;SÃO JOÃO DO JACUTINGA;5;253;453;2788,41;557,68;202207;FALSO;2022-07-01 00:00:00
MG;SANTO ANTÔNIO DO MANHUAÇU;47;1051;3040;17663,69;375,82;202207;FALSO;2022-07-01 00:00:00
MG;Penha do Capim;24;810;2370;16012,73;667,2;202207;FALSO;2022-07-01 00:00:00
MG;Santa Bárbara do Leste;5;21;249;382,37;76,47;202207;FALSO;2022-07-01 00:00:00
MG;Santa Rita de Minas;2;27;119;523,37;261,69;202207;FALSO;2022-07-01 00:00:00
MG;Manhuaçu;2;67;148;1028,36;514,18;202207;FALSO;2022-07-01 00:00:00
MG;Martins Soares;4;171;395;1980,02;495,01;202207;FALSO;2022-07-01 00:00:00
MG;Inhapim;1;47;64;505,19;505,19;202207;FALSO;2022-07-01 00:00:00
MG;Ipanema;1628;35829;71811;454564,16;279,22;202208;FALSO;2022-08-01 00:00:00
MG;Pocrane;164;3654;11126;61941,84;377,69;202208;FALSO;2022-08-01 00:00:00
MG;Taparuba;97;2865;6363;41548,08;428,33;202208;FALSO;2022-08-01 00:00:00
MG;Conceição de Ipanema;121;3575;7945;54164,83;447,64;202208;FALSO;2022-08-01 00:00:00
MG;Santana do Manhuaçu;171;4820;10410;66162,48;386,92;202208;FALSO;2022-08-01 00:00:00
MG;Simonésia;279;7903;16843;99532,6;356,75;202208;FALSO;2022-08-01 00:00:00
MG;Manhuaçu;202;4501;9854;63425,96;313,99;202208;FALSO;2022-08-01 00:00:00
MG;São José do Mantimento;69;2430;5103;36810,86;533,49;202208;FALSO;2022-08-01 00:00:00
MG;Reduto;10;310;1001;4292,16;429,22;202208;FALSO;2022-08-01 00:00:00
MG;Aimorés;155;4347;10511;62971,43;406,27;202208;FALSO;2022-08-01 00:00:00
MG;Expedicionário Alício;66;1881;5628;36462,45;552,46;202208;FALSO;2022-08-01 00:00:00
MG;Conceição do Capim;26;583;1151;9663,35;371,67;202208;FALSO;2022-08-01 00:00:00
MG;Resplendor;141;3253;7629;46460,34;329,51;202208;FALSO;2022-08-01 00:00:00
MG;Itueta;62;1794;3510;24348,62;392,72;202208;FALSO;2022-08-01 00:00:00
MG;Quatituba;45;911;2694;16955,91;376,8;202208;FALSO;2022-08-01 00:00:00
ES;Baixo Guandu;85;1432;3822;23411,16;275,43;202208;FALSO;2022-08-01 00:00:00
MG;Caratinga;13;152;1117;4813,33;370,26;202208;FALSO;2022-08-01 00:00:00
MG;Piedade de Caratinga;6;90;249;1454,63;242,44;202208;FALSO;2022-08-01 00:00:00
MG;SÃO JOÃO DO JACUTINGA;4;223;373;2239,42;559,86;202208;FALSO;2022-08-01 00:00:00
MG;SANTO ANTÔNIO DO MANHUAÇU;55;1089;3061;20466,07;372,11;202208;FALSO;2022-08-01 00:00:00
MG;Penha do Capim;30;892;2285;17281,64;576,05;202208;FALSO;2022-08-01 00:00:00
MG;Santa Bárbara do Leste;15;140;696;2198,07;146,54;202208;FALSO;2022-08-01 00:00:00
MG;Santa Rita de Minas;2;50;140;835,76;417,88;202208;FALSO;2022-08-01 00:00:00
MG;Manhuaçu;2;91;187;1098,21;549,11;202208;FALSO;2022-08-01 00:00:00
MG;Martins Soares;3;85;141;869,8;289,93;202208;FALSO;2022-08-01 00:00:00
MG;Inhapim;3;49;101;795,92;265,31;202208;FALSO;2022-08-01 00:00:00
MG;Ipanema;1567;34911;68617;431692,51;275,49;202209;FALSO;2022-09-01 00:00:00
MG;Pocrane;177;3869;11150;67501,99;381,37;202209;FALSO;2022-09-01 00:00:00
MG;Taparuba;105;3080;6353;43364,51;413;202209;FALSO;2022-09-01 00:00:00
MG;Conceição de Ipanema;105;3440;7178;49139,56;468;202209;FALSO;2022-09-01 00:00:00
MG;Santana do Manhuaçu;148;4284;9384;59835,96;404,3;202209;FALSO;2022-09-01 00:00:00
MG;Simonésia;240;7385;16215;93997,28;391,66;202209;FALSO;2022-09-01 00:00:00
MG;Manhuaçu;184;4540;10527;67378,86;366,19;202209;FALSO;2022-09-01 00:00:00
MG;São José do Mantimento;58;2259;4296;30598,09;527,55;202209;FALSO;2022-09-01 00:00:00
MG;Reduto;10;185;871;3336,9;333,69;202209;FALSO;2022-09-01 00:00:00
MG;Aimorés;135;3776;9204;55346,67;409,98;202209;FALSO;2022-09-01 00:00:00
MG;Expedicionário Alício;67;1908;5893;40680,15;607,17;202209;FALSO;2022-09-01 00:00:00
MG;Conceição do Capim;37;924;1725;13053,8;352,81;202209;FALSO;2022-09-01 00:00:00
MG;Resplendor;135;3013;7331;45554,9;337,44;202209;FALSO;2022-09-01 00:00:00
MG;Itueta;65;2167;4156;29771,57;458,02;202209;FALSO;2022-09-01 00:00:00
MG;Quatituba;47;1142;3158;19235,78;409,27;202209;FALSO;2022-09-01 00:00:00
ES;Baixo Guandu;92;2043;4911;30551,84;332,09;202209;FALSO;2022-09-01 00:00:00
MG;Caratinga;16;345;1222;5668,01;354,25;202209;FALSO;2022-09-01 00:00:00
MG;Piedade de Caratinga;4;69;136;974,9;243,73;202209;FALSO;2022-09-01 00:00:00
MG;SÃO JOÃO DO JACUTINGA;5;219;406;2581,04;516,21;202209;FALSO;2022-09-01 00:00:00
MG;SANTO ANTÔNIO DO MANHUAÇU;53;866;2790;17554,7;331,22;202209;FALSO;2022-09-01 00:00:00
MG;Penha do Capim;29;575;1590;11429,42;394,12;202209;FALSO;2022-09-01 00:00:00
MG;Santa Bárbara do Leste;16;301;833;4113,95;257,12;202209;FALSO;2022-09-01 00:00:00
MG;Santa Rita de Minas;4;109;263;1379,67;344,92;202209;FALSO;2022-09-01 00:00:00
MG;Manhuaçu;2;47;111;869,56;434,78;202209;FALSO;2022-09-01 00:00:00
MG;Martins Soares;1;28;58;380,28;380,28;202209;FALSO;2022-09-01 00:00:00
MG;Manhumirim;1;83;201;1258,93;1258,93;202209;FALSO;2022-09-01 00:00:00
MG;Ubaporanga;1;32;55;427,33;427,33;202209;FALSO;2022-09-01 00:00:00
MG;Ipanema;1662;37119;73836;462490,79;278,27;202210;FALSO;2022-10-01 00:00:00
MG;Pocrane;168;3583;10323;61525,94;366,23;202210;FALSO;2022-10-01 00:00:00
MG;Taparuba;104;3030;6305;42947,97;412,96;202210;FALSO;2022-10-01 00:00:00
MG;Conceição de Ipanema;129;3594;7110;49699,56;385,27;202210;FALSO;2022-10-01 00:00:00
MG;Santana do Manhuaçu;151;4834;9904;63662,15;421,6;202210;FALSO;2022-10-01 00:00:00
MG;Simonésia;270;8071;16518;96886,21;358,84;202210;FALSO;2022-10-01 00:00:00
MG;Manhuaçu;192;4538;10049;63168,23;329;202210;FALSO;2022-10-01 00:00:00
MG;São José do Mantimento;66;2201;4686;31254,4;473,55;202210;FALSO;2022-10-01 00:00:00
MG;Reduto;12;209;1117;4231,8;352,65;202210;FALSO;2022-10-01 00:00:00
MG;Aimorés;141;3707;8512;52205,97;370,26;202210;FALSO;2022-10-01 00:00:00
MG;Expedicionário Alício;80;2168;6369;44860,56;560,76;202210;FALSO;2022-10-01 00:00:00
MG;Conceição do Capim;45;1087;2426;18797,21;417,72;202210;FALSO;2022-10-01 00:00:00
MG;Resplendor;158;3692;8765;55293,34;349,96;202210;FALSO;2022-10-01 00:00:00
MG;Itueta;73;2185;4626;31055,1;425,41;202210;FALSO;2022-10-01 00:00:00
MG;Quatituba;45;1026;2690;16636,56;369,7;202210;FALSO;2022-10-01 00:00:00
ES;Baixo Guandu;102;2108;5152;32195,16;315,64;202210;FALSO;2022-10-01 00:00:00
MG;Caratinga;13;114;581;3431,85;263,99;202210;FALSO;2022-10-01 00:00:00
MG;Piedade de Caratinga;2;51;94;606,43;303,22;202210;FALSO;2022-10-01 00:00:00
MG;SÃO JOÃO DO JACUTINGA;3;120;194;1243,26;414,42;202210;FALSO;2022-10-01 00:00:00
MG;SANTO ANTÔNIO DO MANHUAÇU;60;1391;4111;25451,98;424,2;202210;FALSO;2022-10-01 00:00:00
MG;Penha do Capim;29;691;2455;17429,77;601,03;202210;FALSO;2022-10-01 00:00:00
MG;Santa Bárbara do Leste;20;278;788;4234,82;211,74;202210;FALSO;2022-10-01 00:00:00
MG;Santa Rita de Minas;10;179;521;2406,89;240,69;202210;FALSO;2022-10-01 00:00:00
MG;Manhuaçu;5;165;279;1757,27;351,45;202210;FALSO;2022-10-01 00:00:00
MG;Martins Soares;3;123;250;1268,06;422,69;202210;FALSO;2022-10-01 00:00:00
MG;Manhumirim;3;43;238;574,05;191,35;202210;FALSO;2022-10-01 00:00:00
MG;Inhapim;1;40;43;313,24;313,24;202210;FALSO;2022-10-01 00:00:00
MG;Ipanema;1555;32050;64361;410102,38;263,73;202211;FALSO;2022-11-01 00:00:00
MG;Pocrane;179;3818;10879;65971,23;368,55;202211;FALSO;2022-11-01 00:00:00
MG;Taparuba;96;3124;6619;43623,86;454,42;202211;FALSO;2022-11-01 00:00:00
MG;Conceição de Ipanema;124;3794;8075;53316,06;429,97;202211;FALSO;2022-11-01 00:00:00
MG;Santana do Manhuaçu;155;4692;10448;65739,66;424,13;202211;FALSO;2022-11-01 00:00:00
MG;Simonésia;312;8487;18897;110175,1;353,13;202211;FALSO;2022-11-01 00:00:00
MG;Manhuaçu;195;4690;11032;70401,6;361,03;202211;FALSO;2022-11-01 00:00:00
MG;São José do Mantimento;78;2571;6379;42792,43;548,62;202211;FALSO;2022-11-01 00:00:00
MG;Reduto;14;287;1264;5981,13;427,22;202211;FALSO;2022-11-01 00:00:00
MG;Aimorés;166;4617;10757;64618,51;389,27;202211;FALSO;2022-11-01 00:00:00
MG;Expedicionário Alício;76;2167;6428;42783,98;562,95;202211;FALSO;2022-11-01 00:00:00
MG;Conceição do Capim;36;868;1976;14844,44;412,35;202211;FALSO;2022-11-01 00:00:00
MG;Resplendor;201;4417;9857;64170,27;319,26;202211;FALSO;2022-11-01 00:00:00
MG;Itueta;72;2125;4767;31276,77;434,4;202211;FALSO;2022-11-01 00:00:00
MG;Quatituba;43;1063;2765;18308,91;425,79;202211;FALSO;2022-11-01 00:00:00
ES;Baixo Guandu;106;1961;4863;30887,64;291,39;202211;FALSO;2022-11-01 00:00:00
MG;Caratinga;12;247;909;4663,5;388,63;202211;FALSO;2022-11-01 00:00:00
MG;Piedade de Caratinga;4;55;133;1080,13;270,03;202211;FALSO;2022-11-01 00:00:00
MG;SÃO JOÃO DO JACUTINGA;4;132;224;1591,59;397,9;202211;FALSO;2022-11-01 00:00:00
MG;SANTO ANTÔNIO DO MANHUAÇU;67;1317;4007;22260,85;332,25;202211;FALSO;2022-11-01 00:00:00
MG;Penha do Capim;30;949;4753;28574,67;952,49;202211;FALSO;2022-11-01 00:00:00
MG;Santa Bárbara do Leste;19;271;846;3809,88;200,52;202211;FALSO;2022-11-01 00:00:00
MG;Santa Rita de Minas;3;92;264;1146,91;382,3;202211;FALSO;2022-11-01 00:00:00
MG;Manhuaçu;3;67;177;1255,76;418,59;202211;FALSO;2022-11-01 00:00:00
MG;Martins Soares;4;153;414;2062,34;515,59;202211;FALSO;2022-11-01 00:00:00
MG;Manhumirim;2;103;238;1074,91;537,46;202211;FALSO;2022-11-01 00:00:00
MG;Inhapim;1;3;11;187,67;187,67;202211;FALSO;2022-11-01 00:00:00
MG;Ipanema;1674;34844;72213;460787,75;275,26;202212;FALSO;2022-12-01 00:00:00
MG;Pocrane;171;3757;10844;63042,83;368,67;202212;FALSO;2022-12-01 00:00:00
MG;Taparuba;121;3797;8126;52795,27;436,32;202212;FALSO;2022-12-01 00:00:00
MG;Conceição de Ipanema;135;3713;7882;55747,09;412,94;202212;FALSO;2022-12-01 00:00:00
MG;Santana do Manhuaçu;185;5166;12014;75298,54;407,02;202212;FALSO;2022-12-01 00:00:00
MG;Simonésia;310;8749;18417;109216,95;352,31;202212;FALSO;2022-12-01 00:00:00
MG;Manhuaçu;183;4361;11878;75144,48;410,63;202212;FALSO;2022-12-01 00:00:00
MG;São José do Mantimento;81;2634;5791;39565,25;488,46;202212;FALSO;2022-12-01 00:00:00
MG;Reduto;12;348;1356;5496,31;458,03;202212;FALSO;2022-12-01 00:00:00
MG;Aimorés;211;5664;12578;80038,81;379,33;202212;FALSO;2022-12-01 00:00:00
MG;Expedicionário Alício;95;2343;6704;44492,15;468,34;202212;FALSO;2022-12-01 00:00:00
MG;Conceição do Capim;53;1180;2771;21159,17;399,23;202212;FALSO;2022-12-01 00:00:00
MG;Resplendor;220;4723;11484;73532,52;334,24;202212;FALSO;2022-12-01 00:00:00
MG;Itueta;101;2390;5225;35500,71;351,49;202212;FALSO;2022-12-01 00:00:00
MG;Quatituba;61;1316;4011;24616,43;403,55;202212;FALSO;2022-12-01 00:00:00
ES;Baixo Guandu;171;3572;9303;56535,42;330,62;202212;FALSO;2022-12-01 00:00:00
MG;Caratinga;15;213;2434;8981,48;598,77;202212;FALSO;2022-12-01 00:00:00
MG;Piedade de Caratinga;4;55;127;1039,82;259,96;202212;FALSO;2022-12-01 00:00:00
MG;SÃO JOÃO DO JACUTINGA;6;254;419;2713,44;452,24;202212;FALSO;2022-12-01 00:00:00
MG;SANTO ANTÔNIO DO MANHUAÇU;61;978;3587;20272,45;332,34;202212;FALSO;2022-12-01 00:00:00
MG;Penha do Capim;47;1373;5673;42413,32;902,41;202212;FALSO;2022-12-01 00:00:00
MG;Santa Bárbara do Leste;18;333;899;4603,26;255,74;202212;FALSO;2022-12-01 00:00:00
MG;Santa Rita de Minas;4;72;176;1143,58;285,9;202212;FALSO;2022-12-01 00:00:00
MG;Manhuaçu;3;61;136;832,85;277,62;202212;FALSO;2022-12-01 00:00:00
MG;Martins Soares;2;95;198;1031,24;515,62;202212;FALSO;2022-12-01 00:00:00
MG;Manhumirim;1;25;40;266,1;266,1;202212;FALSO;2022-12-01 00:00:00
MG;Ubaporanga;1;28;49;441,91;441,91;202212;FALSO;2022-12-01 00:00:00
MG;Inhapim;1;11;18;125,43;125,43;202212;FALSO;2022-12-01 00:00:00
MG;Ipanema;1654;35124;68152;442239,9;267,38;202301;FALSO;2023-01-01 00:00:00
MG;Pocrane;188;4376;13209;74713,6;397,41;202301;FALSO;2023-01-01 00:00:00
MG;Taparuba;106;2874;6116;41924,01;395,51;202301;FALSO;2023-01-01 00:00:00
MG;Conceição de Ipanema;105;3241;6912;47431,61;451,73;202301;FALSO;2023-01-01 00:00:00
MG;Santana do Manhuaçu;141;3999;8524;54281;384,97;202301;FALSO;2023-01-01 00:00:00
MG;Simonésia;321;9485;19443;116714,83;363,6;202301;FALSO;2023-01-01 00:00:00
MG;Manhuaçu;199;4792;13038;80077,18;402,4;202301;FALSO;2023-01-01 00:00:00
MG;São José do Mantimento;69;2126;5125;35212,96;510,33;202301;FALSO;2023-01-01 00:00:00
MG;Reduto;10;212;904;3582,81;358,28;202301;FALSO;2023-01-01 00:00:00
MG;Aimorés;224;5941;14000;86558,71;386,42;202301;FALSO;2023-01-01 00:00:00
MG;Expedicionário Alício;88;2402;6802;46258,77;525,67;202301;FALSO;2023-01-01 00:00:00
MG;Conceição do Capim;46;1194;2666;19132,49;415,92;202301;FALSO;2023-01-01 00:00:00
MG;Resplendor;238;5002;12415;76544,34;321,61;202301;FALSO;2023-01-01 00:00:00
MG;Itueta;92;2671;5566;38491,23;418,38;202301;FALSO;2023-01-01 00:00:00
MG;Quatituba;66;1468;4049;23128,46;350,43;202301;FALSO;2023-01-01 00:00:00
ES;Baixo Guandu;163;3161;7773;49732,36;305,11;202301;FALSO;2023-01-01 00:00:00
MG;Caratinga;10;303;699;3454,25;345,43;202301;FALSO;2023-01-01 00:00:00
MG;Piedade de Caratinga;4;79;226;1001,1;250,28;202301;FALSO;2023-01-01 00:00:00
MG;SÃO JOÃO DO JACUTINGA;6;152;263;1846,96;307,83;202301;FALSO;2023-01-01 00:00:00
MG;SANTO ANTÔNIO DO MANHUAÇU;59;1252;3664;21111,76;357,83;202301;FALSO;2023-01-01 00:00:00
MG;Penha do Capim;37;960;5048;30409,5;821,88;202301;FALSO;2023-01-01 00:00:00
MG;Santa Bárbara do Leste;16;215;623;3374,59;210,91;202301;FALSO;2023-01-01 00:00:00
MG;Santa Rita de Minas;6;66;239;1412,34;235,39;202301;FALSO;2023-01-01 00:00:00
MG;Manhuaçu;2;73;146;1159,57;579,79;202301;FALSO;2023-01-01 00:00:00
MG;Martins Soares;2;113;240;1119,81;559,91;202301;FALSO;2023-01-01 00:00:00
MG;Inhapim;1;1;2;111;111;202301;FALSO;2023-01-01 00:00:00
MG;Ipanema;1637;34655;68438;425958,46;260,21;202302;FALSO;2023-02-01 00:00:00
MG;Pocrane;195;4077;12199;70178,25;359,89;202302;FALSO;2023-02-01 00:00:00
MG;Taparuba;104;3308;6989;44918,55;431,91;202302;FALSO;2023-02-01 00:00:00
MG;Conceição de Ipanema;100;2949;6281;44209,67;442,1;202302;FALSO;2023-02-01 00:00:00
MG;Santana do Manhuaçu;153;4567;9949;63797,48;416,98;202302;FALSO;2023-02-01 00:00:00
MG;Simonésia;316;8101;16770;100437,86;317,84;202302;FALSO;2023-02-01 00:00:00
MG;Manhuaçu;182;4147;11202;74548,88;409,61;202302;FALSO;2023-02-01 00:00:00
MG;São José do Mantimento;72;2391;5368;35374,7;491,32;202302;FALSO;2023-02-01 00:00:00
MG;Reduto;14;288;1444;5697,96;407;202302;FALSO;2023-02-01 00:00:00
MG;Aimorés;221;5800;13730;79615,88;360,25;202302;FALSO;2023-02-01 00:00:00
MG;Expedicionário Alício;80;2180;6505;40182,95;502,29;202302;FALSO;2023-02-01 00:00:00
MG;Conceição do Capim;60;1629;3441;24734,84;412,25;202302;FALSO;2023-02-01 00:00:00
MG;Resplendor;272;5701;13685;83623,38;307,44;202302;FALSO;2023-02-01 00:00:00
MG;Itueta;96;2817;5816;37626,59;391,94;202302;FALSO;2023-02-01 00:00:00
MG;Quatituba;55;1261;3465;20585;374,27;202302;FALSO;2023-02-01 00:00:00
ES;Baixo Guandu;170;3589;8360;54283,45;319,31;202302;FALSO;2023-02-01 00:00:00
MG;Caratinga;6;78;525;2358,52;393,09;202302;FALSO;2023-02-01 00:00:00
MG;Piedade de Caratinga;4;49;101;851,55;212,89;202302;FALSO;2023-02-01 00:00:00
MG;SÃO JOÃO DO JACUTINGA;2;52;104;735,61;367,81;202302;FALSO;2023-02-01 00:00:00
MG;SANTO ANTÔNIO DO MANHUAÇU;61;1279;4071;23489;385,07;202302;FALSO;2023-02-01 00:00:00
MG;Penha do Capim;41;1117;4504;31165,66;760,14;202302;FALSO;2023-02-01 00:00:00
MG;Santa Bárbara do Leste;11;169;526;2731,26;248,3;202302;FALSO;2023-02-01 00:00:00
MG;Santa Rita de Minas;3;64;190;856,9;285,63;202302;FALSO;2023-02-01 00:00:00
MG;Manhuaçu;6;99;204;1385,73;230,96;202302;FALSO;2023-02-01 00:00:00
MG;Martins Soares;3;95;200;1099,27;366,42;202302;FALSO;2023-02-01 00:00:00
MG;Manhumirim;3;46;129;572,33;190,78;202302;FALSO;2023-02-01 00:00:00
MG;Ubaporanga;1;25;40;366,37;366,37;202302;FALSO;2023-02-01 00:00:00
MG;Inhapim;1;2;5;51,06;51,06;202302;FALSO;2023-02-01 00:00:00
